-4.895156097412109375e+01,-3.549120426177978516e-01,2.960331737995147705e-01,-2.266772650182247162e-02,-4.664776474237442017e-02,2.260151654481887817e-01,-1.580780297517776489e-01,2.210964262485504150e-01,-9.632693976163864136e-02,1.300266236066818237e-01,-2.808986604213714600e-02,5.821974948048591614e-02,4.653434827923774719e-02,-6.501337047666311264e-04,7.016973197460174561e-02,-9.859009645879268646e-03,-7.736660540103912354e-03,1.028425395488739014e-01,-7.671133428812026978e-02,1.173648089170455933e-01,-5.506630614399909973e-02,8.303671143949031830e-03,4.466742277145385742e-02,-4.665690287947654724e-02,8.012283593416213989e-02,-4.157456383109092712e-02,3.627035021781921387e-02,-5.365042015910148621e-02,3.038895875215530396e-02,-1.493987254798412323e-02,4.971724376082420349e-02,-1.436188723891973495e-02,-4.652629047632217407e-02,1.859403029084205627e-02,-1.817366667091846466e-02,5.740679800510406494e-02,-3.723986074328422546e-02,-7.220859173685312271e-03,-3.579636104404926300e-03,1.371691934764385223e-02
-4.397117614746093750e+01,-8.542678356170654297e-01,9.483334422111511230e-01,3.011445403099060059e-01,-4.277319312095642090e-01,5.217028260231018066e-01,-8.368685096502304077e-02,4.232909977436065674e-01,-9.007453918457031250e-02,1.036142408847808838e-01,4.470671340823173523e-02,2.198621630668640137e-01,1.056299135088920593e-01,-7.826598733663558960e-02,1.853104680776596069e-01,8.724953979253768921e-02,-1.550737619400024414e-01,2.764673903584480286e-02,-2.832552492618560791e-01,5.903447419404983521e-02,-1.454781442880630493e-01,-9.627764113247394562e-03,2.314018607139587402e-01,-5.448094010353088379e-02,7.765421271324157715e-02,5.193388834595680237e-02,-6.292053149081766605e-04,-1.455937027931213379e-01,8.209160715341567993e-02,8.011059835553169250e-03,3.547849506139755249e-02,-1.649438589811325073e-02,-2.657542563974857330e-02,-9.757658094167709351e-02,1.254105120897293091e-01,2.095451503992080688e-01,-1.606449037790298462e-01,-4.185617342591285706e-02,1.395508050918579102e-01,1.058246791362762451e-01
-4.268017196655273438e+01,-1.246657013893127441e+00,1.020515322685241699e+00,7.403793931007385254e-01,1.376376599073410034e-01,7.843377590179443359e-01,-3.863208740949630737e-02,2.712213993072509766e-01,-3.242134749889373779e-01,-8.551257103681564331e-02,1.366280466318130493e-01,-7.239128649234771729e-02,-5.698353052139282227e-02,-3.790878951549530029e-01,1.040683835744857788e-01,1.761728376150131226e-01,-1.154339462518692017e-01,-2.483320087194442749e-01,-3.983995616436004639e-01,1.247173771262168884e-01,-7.271163631230592728e-04,1.395084243267774582e-02,3.279541432857513428e-02,-6.645210087299346924e-02,2.434017658233642578e-01,4.541558027267456055e-02,1.936751157045364380e-01,3.143802657723426819e-02,1.092851832509040833e-01,-1.205665171146392822e-01,-2.254192531108856201e-02,5.502403248101472855e-03,1.060781776905059814e-01,1.055142749100923538e-02,1.213998496532440186e-01,-7.886911928653717041e-02,-2.800553143024444580e-01,8.766869455575942993e-02,4.823867231607437134e-02,1.668311189860105515e-03
-4.212289428710937500e+01,-7.898171544075012207e-01,1.080369830131530762e+00,5.866575241088867188e-01,3.437445759773254395e-01,8.868306279182434082e-01,2.982981503009796143e-02,6.541122198104858398e-01,9.466551989316940308e-02,2.613818943500518799e-01,-1.364263147115707397e-01,5.767454206943511963e-02,1.853850632905960083e-01,-2.190934680402278900e-02,1.633301228284835815e-01,-3.402817994356155396e-02,-2.283752858638763428e-01,-4.591737315058708191e-02,-2.005174905061721802e-01,-7.175040990114212036e-02,-2.968876957893371582e-01,-8.854289352893829346e-02,2.925689816474914551e-01,2.767484784126281738e-01,2.850152552127838135e-01,2.213005274534225464e-01,3.440615236759185791e-01,-1.456920057535171509e-01,-1.663938611745834351e-01,-5.580776184797286987e-02,1.625734418630599976e-01,1.283924132585525513e-01,7.404987514019012451e-02,-7.265667617321014404e-02,-1.374945491552352905e-01,-9.431018680334091187e-02,-1.510021835565567017e-01,-4.273029416799545288e-02,-1.245966851711273193e-01,9.648963063955307007e-02
-4.198690032958984375e+01,-4.666562080383300781e-01,9.900735616683959961e-01,3.033733963966369629e-01,3.320474177598953247e-02,6.803227663040161133e-01,-2.490603327751159668e-01,2.075500041246414185e-01,4.979397356510162354e-02,3.396834135055541992e-01,6.273559480905532837e-02,-1.225616782903671265e-01,1.813016533851623535e-01,-2.823998220264911652e-02,2.551236562430858612e-02,5.567092821002006531e-02,-1.475321799516677856e-01,-1.257163435220718384e-01,-2.891199886798858643e-01,9.775065630674362183e-02,-1.819768687710165977e-03,1.004007086157798767e-01,1.315845102071762085e-01,1.515201479196548462e-01,9.140459820628166199e-03,7.276223599910736084e-02,2.150907367467880249e-01,-1.951887644827365875e-02,-6.218328699469566345e-02,8.602303266525268555e-02,4.053833335638046265e-02,6.837619841098785400e-02,2.034480683505535126e-03,-3.138086199760437012e-01,-9.527581185102462769e-02,-2.028566896915435791e-01,-2.070456445217132568e-01,6.138401478528976440e-02,-1.158836111426353455e-01,6.509786844253540039e-02
-4.203782653808593750e+01,-7.793075442314147949e-01,9.275938868522644043e-01,4.800320863723754883e-01,-2.063369005918502808e-02,7.219164967536926270e-01,1.188852451741695404e-02,2.116531133651733398e-01,-1.295116990804672241e-01,1.825581490993499756e-01,1.584764271974563599e-01,9.792523831129074097e-02,3.785130679607391357e-01,-2.359984666109085083e-01,-3.059585988521575928e-01,-2.756403684616088867e-01,-2.470018863677978516e-01,-1.673434078693389893e-01,-2.483591996133327484e-02,-1.946287043392658234e-02,-1.551283895969390869e-01,-6.596098840236663818e-02,8.502499014139175415e-02,1.483324319124221802e-01,-3.886142745614051819e-02,-8.174879103899002075e-02,1.579835079610347748e-02,-4.954441264271736145e-02,-6.521935015916824341e-02,8.683154731988906860e-02,-3.199923783540725708e-02,-1.326503045856952667e-02,-3.693037480115890503e-02,-2.198761403560638428e-01,-5.485064908862113953e-02,1.128940135240554810e-01,-1.479331851005554199e-01,-1.300198286771774292e-01,-8.978519588708877563e-03,9.058771282434463501e-02
-4.222363281250000000e+01,-7.138931155204772949e-01,9.174730777740478516e-01,7.443134188652038574e-01,3.823663294315338135e-01,5.827288031578063965e-01,1.574119031429290771e-01,2.935874164104461670e-01,1.779205352067947388e-02,2.648792862892150879e-01,5.188052654266357422e-01,5.294337123632431030e-02,2.454726099967956543e-01,-2.588641457259654999e-02,-2.571027167141437531e-02,-5.922058969736099243e-02,7.882376760244369507e-02,9.718764573335647583e-02,-2.109583318233489990e-01,-3.022274076938629150e-01,-2.202351689338684082e-01,5.329065769910812378e-02,-1.713692396879196167e-02,9.087845683097839355e-03,-1.503490936011075974e-02,-1.653358042240142822e-01,1.382969617843627930e-01,-2.117069065570831299e-02,7.477392256259918213e-02,1.081613823771476746e-01,1.074735373258590698e-01,1.127559393644332886e-01,-3.174438700079917908e-02,-1.206800937652587891e-01,-1.252255439758300781e-01,-4.820346832275390625e-02,7.655481249094009399e-02,7.463979534804821014e-03,1.446122676134109497e-01,4.858240485191345215e-02
-4.251668167114257812e+01,-9.098316431045532227e-01,1.019067525863647461e+00,5.837928056716918945e-01,5.884915962815284729e-02,5.804976224899291992e-01,5.170916318893432617e-01,1.079526901245117188e+00,3.768102824687957764e-01,1.459684222936630249e-01,1.285147201269865036e-02,9.854746609926223755e-02,5.457963347434997559e-01,-1.351446062326431274e-01,-1.269517540931701660e-01,-5.124167352914810181e-02,3.032133579254150391e-01,1.321853548288345337e-01,-7.738852500915527344e-02,-1.254537552595138550e-01,-1.045353412628173828e-01,1.110857129096984863e-01,3.196666762232780457e-02,-9.231287986040115356e-02,5.057344213128089905e-03,5.515887588262557983e-02,-1.640494097955524921e-03,-1.776175200939178467e-01,1.005463227629661560e-01,-2.410302460193634033e-01,-3.570594191551208496e-01,-3.715616837143898010e-02,6.718208640813827515e-02,5.210786312818527222e-02,-7.080786675214767456e-02,1.354080587625503540e-01,3.499288484454154968e-02,2.454075217247009277e-02,-2.638387121260166168e-02,3.212277963757514954e-02
-4.218318176269531250e+01,-7.733111381530761719e-01,1.149590134620666504e+00,6.696801781654357910e-01,8.338578343391418457e-01,6.433210968971252441e-01,1.452993899583816528e-01,5.996687412261962891e-01,-1.122974231839179993e-01,1.081202700734138489e-01,1.657846271991729736e-01,-4.175383448600769043e-01,1.180985048413276672e-01,5.937657132744789124e-02,-1.027944609522819519e-01,-4.773142281919717789e-03,9.728977456688880920e-03,2.283996492624282837e-01,2.091835290193557739e-01,2.388252764940261841e-01,-1.790920197963714600e-01,-1.274900436401367188e-01,-2.574137449264526367e-01,-1.087993383407592773e-01,-4.559580236673355103e-03,1.288967728614807129e-01,1.807807199656963348e-02,-9.307853132486343384e-02,-1.477104574441909790e-01,-2.821428515017032623e-02,2.691811919212341309e-01,1.110804006457328796e-01,-6.116756796836853027e-02,-2.385035008192062378e-01,-2.276920974254608154e-01,1.611525714397430420e-01,9.795799106359481812e-02,2.822142280638217926e-02,-4.085754230618476868e-02,-5.886002629995346069e-02
-4.216291046142578125e+01,-1.058154582977294922e+00,1.025286197662353516e+00,4.861452579498291016e-01,-6.146724894642829895e-02,2.058382928371429443e-01,5.316574499011039734e-02,5.882158279418945312e-01,5.498473346233367920e-02,1.824955493211746216e-01,2.440499663352966309e-01,2.511770725250244141e-01,3.815137147903442383e-01,-3.611817210912704468e-02,3.206733614206314087e-02,-2.007729262113571167e-01,1.776625961065292358e-01,2.853793501853942871e-01,3.951828181743621826e-01,3.944730162620544434e-01,1.902348250150680542e-01,1.875430941581726074e-01,-5.740108713507652283e-02,1.804060041904449463e-01,3.108641803264617920e-01,3.598352894186973572e-02,-2.327064797282218933e-02,4.352224990725517273e-03,3.987387716770172119e-01,3.455992937088012695e-01,-1.758173666894435883e-02,-2.637380361557006836e-01,-1.496266126632690430e-01,1.886786520481109619e-02,1.121766790747642517e-01,1.826230436563491821e-01,3.755085170269012451e-02,-5.260057747364044189e-02,-1.094074547290802002e-01,-6.011441349983215332e-02
-4.161470413208007812e+01,-7.201833724975585938e-01,8.221977949142456055e-01,6.165918707847595215e-01,3.582650721073150635e-01,4.693227708339691162e-01,6.329134851694107056e-02,3.317415416240692139e-01,1.415758114308118820e-02,2.308506220579147339e-01,1.204097196459770203e-01,-1.900882273912429810e-01,1.424131989479064941e-01,-5.705290660262107849e-02,2.250004410743713379e-01,3.178683221340179443e-01,4.067934155464172363e-01,1.999934017658233643e-01,1.607448309659957886e-01,-7.917478680610656738e-03,1.366014629602432251e-01,2.553460597991943359e-01,5.560743808746337891e-02,3.030195236206054688e-01,2.863425910472869873e-01,8.185750246047973633e-02,-2.080893330276012421e-02,1.494271010160446167e-01,8.773560076951980591e-02,1.498535871505737305e-01,-1.386070698499679565e-01,-1.874092817306518555e-01,-3.819180279970169067e-02,1.626932621002197266e-01,-4.987939074635505676e-02,1.927744746208190918e-01,-2.769213542342185974e-02,-4.557819291949272156e-02,-1.862087473273277283e-02,1.656092256307601929e-01
-4.181586074829101562e+01,-7.946367859840393066e-01,4.975233674049377441e-01,4.616879224777221680e-01,3.127508163452148438e-01,5.513498783111572266e-01,2.856018245220184326e-01,2.034403383731842041e-01,1.434718072414398193e-01,4.357065260410308838e-01,5.271965861320495605e-01,1.318732351064682007e-01,-2.385826855897903442e-01,-4.322758913040161133e-01,-1.603325456380844116e-01,4.366898443549871445e-03,2.078785002231597900e-01,6.430937051773071289e-01,1.962758302688598633e-01,9.370940178632736206e-02,-3.623874112963676453e-02,-8.320645242929458618e-02,-1.543775200843811035e-01,2.458214461803436279e-01,1.268558353185653687e-01,-2.816430106759071350e-02,-2.381879538297653198e-01,3.587994724512100220e-02,7.205718010663986206e-02,3.369480669498443604e-01,2.106383889913558960e-01,7.556016091257333755e-03,-5.160297453403472900e-02,-4.320453107357025146e-02,1.726886332035064697e-01,2.492754161357879639e-01,1.950331032276153564e-01,1.104750260710716248e-01,-9.954827278852462769e-02,8.956726640462875366e-02
-4.212321853637695312e+01,-7.711743712425231934e-01,9.840252995491027832e-01,5.731689929962158203e-01,-4.069399088621139526e-02,2.769147753715515137e-01,4.087978228926658630e-02,7.145143747329711914e-01,3.658732771873474121e-01,4.491324126720428467e-01,2.604095041751861572e-01,-1.773079633712768555e-01,9.025173634290695190e-02,6.133143231272697449e-02,-1.274755597114562988e-01,-2.295942455530166626e-01,4.002685658633708954e-03,5.607214756309986115e-03,2.612837404012680054e-02,2.070269435644149780e-01,2.755294144153594971e-01,7.769550383090972900e-02,-4.556626975536346436e-01,1.692861616611480713e-01,7.399903982877731323e-02,7.087574154138565063e-02,1.002821549773216248e-01,-2.389260232448577881e-01,-2.512145042419433594e-01,6.444576382637023926e-02,1.301688998937606812e-01,1.414877921342849731e-01,-4.463072493672370911e-02,-9.673786163330078125e-02,-7.439180463552474976e-02,2.679414860904216766e-02,3.874335810542106628e-02,-9.108640253543853760e-02,-7.998830825090408325e-02,-5.596123635768890381e-02
-4.175221252441406250e+01,-7.117406129837036133e-01,8.094515204429626465e-01,5.425923466682434082e-01,2.513534724712371826e-01,7.451450824737548828e-01,3.268794715404510498e-01,6.889564394950866699e-01,4.316733777523040771e-01,5.861644148826599121e-01,5.050762891769409180e-01,2.141015529632568359e-01,-6.374850403517484665e-03,3.449068218469619751e-02,3.174993395805358887e-01,1.086483374238014221e-01,-1.181697770953178406e-01,2.272371649742126465e-01,2.200161665678024292e-01,8.469413965940475464e-02,1.562263071537017822e-01,-1.862625479698181152e-01,-3.060215711593627930e-01,-1.318214386701583862e-01,-2.347701191902160645e-01,-3.384079039096832275e-02,-9.464728832244873047e-02,-1.897190324962139130e-02,-4.926531761884689331e-02,2.191033959388732910e-01,-1.318222191184759140e-02,-9.935265034437179565e-02,-2.228670269250869751e-01,8.175846189260482788e-02,-9.418595582246780396e-02,1.334028989076614380e-01,-1.145873032510280609e-02,4.766855016350746155e-02,-1.542382538318634033e-01,-1.091025769710540771e-01
-4.186232376098632812e+01,-5.687616467475891113e-01,1.054658174514770508e+00,4.758530855178833008e-01,3.315094411373138428e-01,6.224181652069091797e-01,2.250127196311950684e-01,6.154518723487854004e-01,-8.907310664653778076e-02,3.055150806903839111e-01,3.501099050045013428e-01,-6.907634437084197998e-02,2.235758155584335327e-01,1.400251835584640503e-01,9.699132293462753296e-02,1.133768111467361450e-01,4.699607193470001221e-02,1.045755594968795776e-01,-2.255945093929767609e-02,3.783038258552551270e-02,-1.993527114391326904e-01,-8.335520327091217041e-02,-5.988932400941848755e-02,7.167018484324216843e-03,-1.594902127981185913e-01,-6.164611130952835083e-02,2.541559934616088867e-02,-2.396035492420196533e-01,-1.361621320247650146e-01,-1.520465165376663208e-01,-1.407142281532287598e-01,3.205619007349014282e-02,-4.226781427860260010e-02,-4.681699350476264954e-02,-9.710464626550674438e-02,3.839612239971756935e-03,-9.559508413076400757e-02,-4.770455509424209595e-02,-1.398677378892898560e-01,1.185295060276985168e-01
-4.173777008056640625e+01,-6.099818944931030273e-01,1.100804686546325684e+00,7.752987146377563477e-01,3.316724002361297607e-01,6.129935383796691895e-01,3.093145489692687988e-01,7.355109453201293945e-01,1.720940023660659790e-01,1.873254776000976562e-01,2.048023045063018799e-01,-1.329434365034103394e-01,-3.420208021998405457e-02,-1.936857849359512329e-01,1.897321827709674835e-02,1.495610028505325317e-01,-1.763377636671066284e-01,-1.648561656475067139e-01,-5.861908569931983948e-02,8.339020609855651855e-02,-4.064704850316047668e-02,1.165383458137512207e-01,-7.295352965593338013e-02,-4.568938910961151123e-02,-1.877717114984989166e-02,-9.969513863325119019e-02,1.421587318181991577e-01,-2.921754959970712662e-03,2.903519384562969208e-02,1.567543670535087585e-02,-6.724842637777328491e-02,5.508979037404060364e-02,1.608012169599533081e-01,-2.449886687099933624e-02,-1.226334199309349060e-01,1.007763370871543884e-01,1.125807091593742371e-01,7.304301112890243530e-02,-6.833888590335845947e-02,2.146136946976184845e-02
-4.224361419677734375e+01,-9.117152094841003418e-01,9.156039953231811523e-01,4.805313348770141602e-01,1.130669787526130676e-01,5.303851962089538574e-01,1.039137504994869232e-02,4.515593647956848145e-01,-8.804225176572799683e-02,-4.056369513273239136e-02,2.630360722541809082e-01,1.747300475835800171e-01,2.985333204269409180e-01,-5.433817207813262939e-02,1.448386162519454956e-01,-1.863754913210868835e-02,-1.360610723495483398e-01,2.673678398132324219e-01,6.349854916334152222e-02,1.913874000310897827e-01,9.128127992153167725e-02,3.234754204750061035e-01,-1.850923895835876465e-01,-3.547537922859191895e-01,-1.182012353092432022e-02,2.181512415409088135e-01,5.832914635539054871e-02,-1.748439073562622070e-01,1.293044537305831909e-01,-8.586468547582626343e-02,-1.095364987850189209e-01,-1.971433907747268677e-01,-1.364578306674957275e-01,-5.083839222788810730e-02,-2.332981489598751068e-02,7.516865432262420654e-02,-2.902970910072326660e-01,-5.670446902513504028e-02,2.370527759194374084e-02,1.002815142273902893e-01
-4.219968795776367188e+01,-1.149310827255249023e+00,7.911926507949829102e-01,5.898222923278808594e-01,4.511758685111999512e-01,8.774406909942626953e-01,3.584605157375335693e-01,8.651755452156066895e-01,2.551493644714355469e-01,2.054401785135269165e-01,8.530224673449993134e-03,1.832130551338195801e-01,4.208841025829315186e-01,8.758402615785598755e-02,2.816635370254516602e-01,-4.792227968573570251e-02,-7.841618359088897705e-02,-5.969033017754554749e-02,-2.692309617996215820e-01,-1.145204305648803711e-01,4.563321173191070557e-02,2.328822165727615356e-01,-1.954677850008010864e-01,-1.138680130243301392e-01,2.772345840930938721e-01,1.224252954125404358e-01,2.177148126065731049e-02,-1.079433187842369080e-01,7.249741256237030029e-02,-2.147201150655746460e-01,-7.872611284255981445e-02,5.010229069739580154e-03,4.470009729266166687e-02,1.954201757907867432e-01,1.761027276515960693e-01,2.554505132138729095e-03,-1.331298239529132843e-02,-8.831949532032012939e-02,3.412515670061111450e-02,1.026629209518432617e-01
-4.216169357299804688e+01,-7.281974554061889648e-01,1.303258180618286133e+00,1.103306889533996582e+00,5.103219151496887207e-01,3.530780971050262451e-01,-4.406857192516326904e-01,5.504432916641235352e-01,1.605193614959716797e-01,2.797609865665435791e-01,8.151227980852127075e-02,1.335261017084121704e-01,4.166022241115570068e-01,9.787482023239135742e-02,2.015007585287094116e-01,-3.815644979476928711e-02,1.188826560974121094e-01,2.720039188861846924e-01,1.653261110186576843e-02,-1.012890338897705078e-01,-1.612832397222518921e-01,8.530991524457931519e-02,6.801876425743103027e-02,2.576849609613418579e-02,9.311313182115554810e-02,4.555902443826198578e-03,1.364247202873229980e-01,-8.283574134111404419e-02,2.906740605831146240e-01,2.344856411218643188e-02,2.127911150455474854e-01,-5.311943218111991882e-02,-3.317016661167144775e-01,-6.970722973346710205e-02,3.568329289555549622e-02,1.442469358444213867e-01,-2.189379744231700897e-02,-1.242851689457893372e-01,-1.771289273165166378e-03,5.680136382579803467e-02
-4.233148574829101562e+01,-8.762854337692260742e-01,1.288180470466613770e+00,6.100232601165771484e-01,-3.989133611321449280e-02,8.432302474975585938e-01,1.054563894867897034e-01,5.021874308586120605e-01,4.109496176242828369e-01,5.679433941841125488e-01,8.720017969608306885e-02,-3.664552047848701477e-02,3.500157594680786133e-01,2.008698694407939911e-02,1.578606665134429932e-01,2.855025529861450195e-01,1.735206097364425659e-01,-2.222282066941261292e-02,-7.811020314693450928e-02,1.712975837290287018e-02,-7.476751506328582764e-02,1.494992375373840332e-01,-1.429350674152374268e-01,8.389587700366973877e-02,8.176029473543167114e-02,3.418634831905364990e-02,3.378626704216003418e-02,9.859125316143035889e-02,3.381197154521942139e-02,-7.571354508399963379e-02,1.572342216968536377e-01,1.043052524328231812e-01,-2.260647267103195190e-01,3.653309866786003113e-02,6.935751531273126602e-03,6.891522556543350220e-02,3.241472840309143066e-01,8.437723666429519653e-02,8.665842562913894653e-02,4.632100090384483337e-02
-4.213358688354492188e+01,-6.940505504608154297e-01,9.211289882659912109e-01,5.666214823722839355e-01,1.951097995042800903e-01,5.238439440727233887e-01,7.850442826747894287e-02,3.605691194534301758e-01,4.843599721789360046e-02,1.695773601531982422e-01,1.124026328325271606e-01,5.933510139584541321e-02,1.698843091726303101e-01,-3.680133447051048279e-02,-1.024740636348724365e-01,3.380649909377098083e-02,-6.955236941576004028e-02,2.564787678420543671e-02,1.414636820554733276e-01,1.235622316598892212e-01,1.554614007472991943e-01,2.156795859336853027e-01,-4.094681516289710999e-02,-9.318404644727706909e-02,9.649928659200668335e-02,1.233798637986183167e-01,6.581384688615798950e-03,5.276604741811752319e-02,1.542997807264328003e-01,-2.046239003539085388e-02,6.446807086467742920e-02,3.381992504000663757e-02,-5.610722675919532776e-02,1.775044649839401245e-01,9.849808178842067719e-03,-1.103164702653884888e-01,1.008021160960197449e-01,-7.117102295160293579e-02,8.952158689498901367e-02,2.397609204053878784e-01
-4.207742309570312500e+01,-1.022577404975891113e+00,9.820289611816406250e-01,7.480002641677856445e-01,2.877299487590789795e-01,5.086986422538757324e-01,1.580798178911209106e-01,5.796279907226562500e-01,2.521691024303436279e-01,-7.467167079448699951e-02,1.911799423396587372e-02,-2.388240993022918701e-01,2.176219820976257324e-01,9.917779266834259033e-02,-3.102921694517135620e-02,-2.548099160194396973e-01,-8.816459774971008301e-02,2.048633694648742676e-01,3.752086311578750610e-02,-3.173763751983642578e-01,-3.277759253978729248e-01,-2.313671633601188660e-02,-1.950047910213470459e-01,1.664418429136276245e-01,9.711124002933502197e-02,-2.006823122501373291e-01,-1.714261621236801147e-01,-1.124492585659027100e-01,7.751670479774475098e-02,4.321425780653953552e-02,-7.108290493488311768e-02,-2.693522721529006958e-02,-7.477169483900070190e-02,1.623029708862304688e-01,-9.339257329702377319e-02,-7.379429880529642105e-03,1.515752971172332764e-01,-1.193548813462257385e-01,-7.670640200376510620e-02,-8.378762751817703247e-02
-4.189455032348632812e+01,-6.153699755668640137e-01,8.631215095520019531e-01,7.025161385536193848e-01,5.323460698127746582e-01,5.102618336677551270e-01,1.634809672832489014e-01,3.274378478527069092e-01,-3.266034126281738281e-01,4.192210733890533447e-02,6.222684383392333984e-01,2.111886888742446899e-01,7.640609145164489746e-02,2.555036544799804688e-01,-6.505035609006881714e-02,-3.245339393615722656e-01,8.869302272796630859e-02,-1.343322843313217163e-01,6.087541580200195312e-02,1.329852491617202759e-01,-2.287005484104156494e-01,1.770178675651550293e-01,-1.915022730827331543e-01,-2.568190693855285645e-01,1.586568057537078857e-01,1.597411185503005981e-01,1.227328032255172729e-01,2.644537575542926788e-02,2.668130910024046898e-03,-1.257968991994857788e-01,1.454128473997116089e-01,5.724071338772773743e-02,2.007142640650272369e-02,1.468227896839380264e-02,-1.181966811418533325e-01,-4.138634353876113892e-02,-9.087353199720382690e-02,4.978819936513900757e-02,1.490059196949005127e-01,1.056901589035987854e-01
-4.138097763061523438e+01,-1.112568736076354980e+00,3.374124765396118164e-01,1.210837602615356445e+00,-6.062601879239082336e-02,2.811999022960662842e-01,4.850226044654846191e-01,8.420219421386718750e-01,-3.385566174983978271e-01,-1.062497571110725403e-01,2.577407658100128174e-01,-1.377650350332260132e-01,-1.116720866411924362e-02,1.836345940828323364e-01,2.118221223354339600e-01,9.529630839824676514e-02,3.853609040379524231e-02,2.908879145979881287e-02,3.236129879951477051e-01,1.376164555549621582e-01,-1.362078040838241577e-01,4.257586970925331116e-02,-5.505747348070144653e-02,-2.680329382419586182e-01,-3.425428643822669983e-02,-5.651677399873733521e-02,-9.884995967149734497e-02,2.018279023468494415e-02,1.120624095201492310e-01,-7.864642143249511719e-02,6.805987656116485596e-02,-3.303587064146995544e-02,2.040074616670608521e-01,-4.289161413908004761e-02,1.375141292810440063e-01,2.130108028650283813e-01,1.242841631174087524e-01,-4.683051258325576782e-03,-1.023946180939674377e-01,-1.972955763339996338e-01
-3.957569503784179688e+01,-3.697747290134429932e-01,-2.083559334278106689e-01,1.623445034027099609e+00,1.352370381355285645e-01,-6.342857480049133301e-01,8.144932985305786133e-02,4.735945463180541992e-01,-6.193089485168457031e-01,1.143689230084419250e-01,2.474927455186843872e-01,-1.246556863188743591e-01,2.491416037082672119e-01,1.740573719143867493e-02,1.547929495573043823e-01,2.160067670047283173e-02,5.452526267617940903e-03,1.862534135580062866e-01,1.074335500597953796e-01,-3.053842671215534210e-02,-6.310631334781646729e-02,-7.133615016937255859e-02,-8.019012212753295898e-02,-2.265199273824691772e-02,-1.998437196016311646e-02,1.542513668537139893e-01,4.416366666555404663e-02,1.056673750281333923e-01,-6.751716881990432739e-02,-1.596761494874954224e-01,-8.563490957021713257e-02,4.790192842483520508e-02,1.227671504020690918e-01,-4.132801201194524765e-03,6.688100844621658325e-02,-5.507196485996246338e-02,-1.229031011462211609e-01,2.536015771329402924e-02,8.722989261150360107e-02,-6.190197169780731201e-02
-3.627362442016601562e+01,3.285493552684783936e-01,-6.043152809143066406e-01,3.341111660003662109e+00,-8.817751705646514893e-02,-1.421481490135192871e+00,-8.934661149978637695e-01,-4.844598174095153809e-01,-5.128587484359741211e-01,-3.344587087631225586e-01,-6.627442687749862671e-02,-2.001225352287292480e-01,1.522646099328994751e-01,-2.715599536895751953e-01,-2.083061262965202332e-03,-7.678281515836715698e-02,-2.663129866123199463e-01,2.262891083955764771e-01,1.849058782681822777e-03,9.290041401982307434e-03,-1.118830218911170959e-02,-2.180302739143371582e-01,8.197451382875442505e-02,-5.194766819477081299e-02,2.978623658418655396e-02,2.339515984058380127e-01,-6.381569057703018188e-02,3.772359341382980347e-02,-7.625293731689453125e-02,-1.512951403856277466e-01,9.190703928470611572e-02,9.956537932157516479e-02,9.958147257566452026e-02,8.966138958930969238e-02,-3.506822884082794189e-02,-9.696471504867076874e-03,-7.637435197830200195e-02,9.981862269341945648e-03,6.945884227752685547e-02,-1.092042867094278336e-02
-3.176871871948242188e+01,1.541330099105834961e+00,-1.352454543113708496e+00,3.843070507049560547e+00,-7.409455180168151855e-01,-1.245701313018798828e+00,-1.025047183036804199e+00,-6.889607310295104980e-01,-4.632088840007781982e-01,-7.581015229225158691e-01,5.634014029055833817e-03,-5.717464089393615723e-01,1.053492650389671326e-01,-7.073627710342407227e-01,-2.349846959114074707e-01,1.266462728381156921e-02,-4.087847173213958740e-01,3.062896132469177246e-01,-2.717332243919372559e-01,-1.965824514627456665e-01,-8.208602666854858398e-02,-3.209357559680938721e-01,3.361501097679138184e-01,-5.513202399015426636e-02,-1.685010343790054321e-01,1.474587917327880859e-01,-1.417081654071807861e-01,8.907022327184677124e-02,9.963501244783401489e-03,-1.429302990436553955e-01,1.211859732866287231e-01,-9.528513997793197632e-02,-1.077383235096931458e-01,8.915004134178161621e-02,-9.348665177822113037e-02,1.099430471658706665e-01,-8.991617709398269653e-02,-3.460279479622840881e-02,1.117245405912399292e-01,-7.668481022119522095e-02
-2.974734878540039062e+01,2.295341253280639648e+00,-1.371041774749755859e+00,3.564147949218750000e+00,-1.045660257339477539e+00,-7.777284383773803711e-01,-7.069365382194519043e-01,-5.167026519775390625e-01,-4.585939049720764160e-01,-4.520378410816192627e-01,3.544469177722930908e-01,-5.752550363540649414e-01,3.067588061094284058e-02,-6.303437948226928711e-01,-1.076384335756301880e-01,4.266494512557983398e-02,-3.909479081630706787e-01,6.837687492370605469e-01,-1.490994989871978760e-01,-2.763815224170684814e-01,-3.761813789606094360e-02,-2.660984992980957031e-01,5.942426323890686035e-01,1.319011896848678589e-01,-1.104009672999382019e-01,5.083683878183364868e-02,-3.196943998336791992e-01,1.111153066158294678e-01,1.659595370292663574e-01,-5.446152016520500183e-02,1.640450954437255859e-01,-1.173178106546401978e-01,-1.694303154945373535e-01,9.762564301490783691e-02,-1.723499000072479248e-01,2.733480036258697510e-01,8.332717418670654297e-02,-8.887171000242233276e-02,-1.093374490737915039e-01,-1.643632948398590088e-01
-2.906890296936035156e+01,2.601974725723266602e+00,-8.592703342437744141e-01,3.573708295822143555e+00,-7.503289580345153809e-01,-1.612228155136108398e-01,-4.574300944805145264e-01,-4.659590721130371094e-01,-4.881727695465087891e-01,-6.581020951271057129e-01,3.887390196323394775e-01,-5.784828066825866699e-01,2.056705057621002197e-01,-4.992111027240753174e-01,4.379607364535331726e-02,3.276275992393493652e-01,-4.679016768932342529e-01,4.627406299114227295e-01,-4.348555952310562134e-02,5.678820982575416565e-02,-7.217127084732055664e-02,-1.886854916810989380e-01,4.152640402317047119e-01,1.109988391399383545e-01,4.190118983387947083e-02,2.628324031829833984e-01,7.629177719354629517e-02,-2.053219638764858246e-02,1.227501854300498962e-01,-1.551739722490310669e-01,2.163952291011810303e-01,-2.885716967284679413e-02,4.221673309803009033e-02,1.176104545593261719e-01,-8.958708494901657104e-02,2.653766870498657227e-01,-1.020157560706138611e-01,-2.154018282890319824e-01,1.307323276996612549e-01,7.211777381598949432e-03
-2.904215049743652344e+01,2.691227436065673828e+00,-5.739184021949768066e-01,3.711555480957031250e+00,-6.321125030517578125e-01,-1.070491448044776917e-01,-6.625142693519592285e-02,-1.011654213070869446e-01,-5.795134305953979492e-01,-7.228966355323791504e-01,2.493371218442916870e-01,-5.370362997055053711e-01,-1.829564757645130157e-02,-4.463836848735809326e-01,1.436754912137985229e-01,1.615582704544067383e-01,-4.351197481155395508e-01,3.033869564533233643e-01,-4.516892135143280029e-01,8.545476011931896210e-03,1.530630886554718018e-01,6.539523601531982422e-02,5.789978504180908203e-01,1.051182672381401062e-01,6.766127794981002808e-02,-3.139017894864082336e-02,-5.331949144601821899e-02,-9.105936437845230103e-02,4.996175318956375122e-02,8.237907290458679199e-02,2.310261726379394531e-01,6.635051965713500977e-02,-8.420396596193313599e-02,7.926191389560699463e-02,1.168268918991088867e-02,1.070753037929534912e-01,-9.823107160627841949e-03,-2.053196541965007782e-02,1.151503026485443115e-01,-1.755170375108718872e-01
-2.906778526306152344e+01,2.791283845901489258e+00,-5.299561023712158203e-01,3.785020112991333008e+00,-2.966797351837158203e-01,-1.025508344173431396e-01,-1.522465348243713379e-01,-1.207989305257797241e-01,-5.660115480422973633e-01,-7.319695949554443359e-01,4.685694873332977295e-01,-5.577502846717834473e-01,5.977324023842811584e-02,-1.460528075695037842e-01,5.866651237010955811e-02,4.579300284385681152e-01,-4.361859560012817383e-01,3.898894488811492920e-01,-4.631856679916381836e-01,-7.893322408199310303e-02,4.613547772169113159e-02,-1.204825937747955322e-01,3.960222899913787842e-01,-8.350777626037597656e-02,-8.922830224037170410e-02,8.490886539220809937e-02,1.320388913154602051e-01,1.063000112771987915e-01,1.321591734886169434e-01,5.741834174841642380e-03,1.875115483999252319e-01,-6.167795974761247635e-03,-3.569164499640464783e-02,1.532426178455352783e-01,1.596881002187728882e-01,3.016731701791286469e-02,-1.498142331838607788e-01,-1.773957014083862305e-01,5.139341950416564941e-02,-1.067592501640319824e-01
-2.892932128906250000e+01,2.887475728988647461e+00,-5.217160582542419434e-01,3.568405866622924805e+00,-3.861275613307952881e-01,-1.290729343891143799e-01,-2.682566642761230469e-01,-2.691922187805175781e-01,-5.153337121009826660e-01,-4.843475222587585449e-01,3.003380298614501953e-01,-8.103644847869873047e-01,1.008458957076072693e-01,-3.059274554252624512e-01,-2.696181237697601318e-01,3.858702182769775391e-01,-2.583903074264526367e-01,5.830342769622802734e-01,-4.152280688285827637e-01,-1.923337876796722412e-01,-1.055433675646781921e-01,1.307969093322753906e-01,4.769361913204193115e-01,3.942565619945526123e-02,1.228978708386421204e-01,3.661491721868515015e-02,-2.819245681166648865e-02,2.648277953267097473e-02,-1.443266496062278748e-02,1.156924217939376831e-01,2.044074088335037231e-01,-6.160402670502662659e-03,-1.424132585525512695e-01,1.150509044528007507e-01,6.049068272113800049e-02,1.208404265344142914e-02,1.354194730520248413e-01,-2.703037858009338379e-01,-2.227861620485782623e-02,-1.814633458852767944e-01
-2.904701805114746094e+01,2.729454278945922852e+00,-2.828893065452575684e-01,3.515072345733642578e+00,1.683291234076023102e-02,-4.380169510841369629e-01,4.077247902750968933e-02,-1.732566058635711670e-01,-2.103242725133895874e-01,-2.987840212881565094e-02,6.437629461288452148e-03,-4.528400301933288574e-01,-2.928182482719421387e-01,-2.649506926536560059e-01,-4.828724563121795654e-01,3.072673678398132324e-01,-3.241202235221862793e-01,8.808082938194274902e-01,-1.708631813526153564e-01,-2.747406996786594391e-02,-1.417956352233886719e-01,-3.988452721387147903e-03,1.408611238002777100e-01,1.776598244905471802e-01,-1.033709198236465454e-01,-2.007120102643966675e-01,-1.242007166147232056e-01,7.986497879028320312e-02,-1.856915466487407684e-02,-1.342742238193750381e-02,2.446976602077484131e-01,-7.721366733312606812e-02,7.181605696678161621e-02,2.004644423723220825e-01,1.102451756596565247e-01,-1.240597292780876160e-01,2.407105080783367157e-02,-1.003839168697595596e-02,7.224331796169281006e-02,-1.482759565114974976e-01
-2.942421913146972656e+01,2.442621469497680664e+00,1.164466068148612976e-01,3.501351356506347656e+00,-4.541952908039093018e-01,-5.798508524894714355e-01,2.204056084156036377e-01,-4.402120783925056458e-02,-4.706152379512786865e-01,-3.853704333305358887e-01,3.206602036952972412e-01,-6.228026747703552246e-01,-4.163328707218170166e-01,1.598118059337139130e-02,-4.705090820789337158e-01,4.600689113140106201e-01,-5.523047447204589844e-01,6.623473167419433594e-01,-2.765484154224395752e-01,2.659458220005035400e-01,-1.627126149833202362e-02,2.987550199031829834e-02,2.456089667975902557e-02,2.219911962747573853e-01,-4.057258740067481995e-02,-3.306947052478790283e-01,2.415847592055797577e-02,2.729334235191345215e-01,2.748545818030834198e-02,4.220585152506828308e-02,1.967307776212692261e-01,5.239038169384002686e-02,7.768703997135162354e-02,4.298945143818855286e-02,9.261429309844970703e-02,-1.239989604800939560e-02,-7.601165026426315308e-02,-2.488572448492050171e-01,-2.312603592872619629e-02,-9.076930582523345947e-02
-2.946972274780273438e+01,2.725857734680175781e+00,4.099560976028442383e-01,3.850619792938232422e+00,3.622364485636353493e-03,-7.976248860359191895e-01,-2.106895744800567627e-01,2.592255175113677979e-02,-2.840455472469329834e-01,-2.524545192718505859e-01,1.879986971616744995e-01,-7.393112778663635254e-01,-2.358038276433944702e-01,4.166158661246299744e-02,-7.024766802787780762e-01,5.010808110237121582e-01,-8.028662800788879395e-01,3.784731030464172363e-01,-2.922242879867553711e-01,3.658224940299987793e-01,4.510823637247085571e-02,4.254277050495147705e-01,3.426004350185394287e-01,2.153484076261520386e-01,-3.308596909046173096e-01,-5.111999064683914185e-02,-3.049612790346145630e-02,1.109968274831771851e-01,-5.098146852105855942e-03,-4.402459133416414261e-03,-7.410265505313873291e-02,-1.805782318115234375e-02,3.598729521036148071e-02,4.303752630949020386e-02,1.605619043111801147e-01,-1.068280413746833801e-01,2.113469690084457397e-01,4.432002827525138855e-02,6.104468926787376404e-02,2.181570604443550110e-02
-2.953996467590332031e+01,2.712191581726074219e+00,6.184403896331787109e-01,3.585007190704345703e+00,-2.232343144714832306e-02,-5.884561538696289062e-01,-2.153834849596023560e-01,-1.255336999893188477e-01,-1.862088590860366821e-01,-5.158740878105163574e-01,-1.986090093851089478e-01,-7.259441018104553223e-01,-1.911658197641372681e-01,1.198783069849014282e-01,-3.006343245506286621e-01,8.337976336479187012e-01,-7.249584794044494629e-01,2.270411103963851929e-01,-5.220924615859985352e-01,8.580101281404495239e-02,2.528995573520660400e-01,5.089920759201049805e-01,9.741968661546707153e-02,7.810169458389282227e-02,-2.644807100296020508e-01,1.156473159790039062e-01,1.296636313199996948e-01,1.572073996067047119e-01,-5.646262690424919128e-02,-8.002619445323944092e-02,-1.520798634737730026e-02,-8.724890649318695068e-02,8.589714020490646362e-02,9.181049466133117676e-02,1.927339434623718262e-01,-1.319819539785385132e-01,-2.064613625407218933e-02,3.918739967048168182e-03,1.433294415473937988e-01,9.578280150890350342e-02
-3.027965354919433594e+01,2.644920349121093750e+00,6.008324027061462402e-01,3.802552461624145508e+00,3.066676259040832520e-01,-6.219598650932312012e-01,2.062493115663528442e-01,-1.307205706834793091e-01,-7.846117615699768066e-01,-6.616852879524230957e-01,-2.452842891216278076e-01,-7.244285345077514648e-01,-3.212257027626037598e-01,1.048836708068847656e-01,-6.101445555686950684e-01,5.659827589988708496e-01,-8.968695402145385742e-01,1.277447193861007690e-01,-2.676953971385955811e-01,3.130460530519485474e-02,1.393083333969116211e-01,6.234207749366760254e-01,2.191502153873443604e-01,2.197413295507431030e-01,-1.060426831245422363e-01,-4.286690428853034973e-02,-8.163943886756896973e-02,8.370023220777511597e-02,-1.008154638111591339e-02,-1.069166138768196106e-01,-7.485680282115936279e-02,-1.477364450693130493e-01,8.284973353147506714e-02,1.509349942207336426e-01,2.684799730777740479e-01,-1.903114095330238342e-02,5.580699816346168518e-02,-8.977173268795013428e-02,7.220491021871566772e-02,4.367743059992790222e-02
-3.041636085510253906e+01,2.890471220016479492e+00,4.969162940979003906e-01,3.527426958084106445e+00,1.052798330783843994e-01,-7.399603724479675293e-01,4.484381973743438721e-01,7.744434475898742676e-02,-7.598335146903991699e-01,-3.300704061985015869e-01,-4.939680173993110657e-02,-6.036690473556518555e-01,-5.691051483154296875e-01,-1.045326218008995056e-01,-7.445209622383117676e-01,1.899454295635223389e-01,-7.840864658355712891e-01,4.856125414371490479e-01,-1.020878031849861145e-01,1.346998810768127441e-01,2.593494057655334473e-01,1.746901124715805054e-01,2.390419691801071167e-01,2.291921377182006836e-01,1.698945648968219757e-02,8.245088905096054077e-02,-7.422167807817459106e-02,9.769953787326812744e-03,-2.587408758699893951e-02,-1.717229187488555908e-01,-4.975751653546467423e-05,-1.514675021171569824e-01,4.254877194762229919e-02,1.930515170097351074e-01,1.774104982614517212e-01,1.196905225515365601e-01,-1.493072323501110077e-02,-4.815498739480972290e-02,5.760926753282546997e-02,8.339563757181167603e-02
-2.985858154296875000e+01,2.696691751480102539e+00,1.010025620460510254e+00,3.177363157272338867e+00,8.028505444526672363e-01,-6.933003067970275879e-01,-8.289197832345962524e-02,2.861098153516650200e-03,-5.569346547126770020e-01,-2.649443447589874268e-01,-2.823548018932342529e-01,-5.484436750411987305e-01,-7.088699936866760254e-01,-9.659758955240249634e-02,-6.095395088195800781e-01,6.191069483757019043e-01,-6.848757266998291016e-01,2.260517776012420654e-01,-2.326249331235885620e-02,1.660034358501434326e-01,-5.286469310522079468e-02,-6.285492330789566040e-02,2.941444814205169678e-01,8.827862329781055450e-03,-4.953921958804130554e-02,-8.693679422140121460e-02,1.974892318248748779e-01,-9.553528577089309692e-02,-1.363568603992462158e-01,-6.955035775899887085e-02,1.245798468589782715e-01,-8.703026920557022095e-02,-3.505825996398925781e-02,1.794685721397399902e-01,1.477901730686426163e-02,1.709021180868148804e-01,1.323568634688854218e-03,-5.740547180175781250e-02,5.690364167094230652e-02,9.882777929306030273e-02
-2.846970176696777344e+01,9.073627591133117676e-01,1.625484466552734375e+00,3.021989822387695312e+00,1.225660443305969238e+00,-1.502882242202758789e-01,-5.499103292822837830e-02,2.326093912124633789e-01,-5.499964356422424316e-01,-1.230227723717689514e-01,-4.498076140880584717e-01,-4.498106539249420166e-01,-3.926889300346374512e-01,1.773609071969985962e-01,-3.761366903781890869e-01,1.720124632120132446e-01,-8.506313562393188477e-01,-4.694567993283271790e-02,-7.912494242191314697e-03,3.473427295684814453e-01,1.356660723686218262e-01,1.247076019644737244e-01,4.060408845543861389e-02,-1.155267730355262756e-01,-2.907302603125572205e-02,-1.196032837033271790e-01,-7.676693052053451538e-02,-3.941613435745239258e-02,-2.063539065420627594e-02,-4.307957831770181656e-03,1.317355930805206299e-01,-1.746561676263809204e-01,-9.454511851072311401e-02,9.514739364385604858e-02,4.918191209435462952e-02,9.279636293649673462e-02,8.435562998056411743e-02,7.950624823570251465e-02,3.078834526240825653e-02,4.453356843441724777e-03
-2.738412475585937500e+01,-1.389906257390975952e-01,2.035482883453369141e+00,2.261371135711669922e+00,1.117262005805969238e+00,-3.420192003250122070e-01,-4.339097142219543457e-01,3.379435241222381592e-01,-5.329202413558959961e-01,-2.106707692146301270e-01,-7.470726966857910156e-01,-2.974825501441955566e-01,-4.686025083065032959e-01,-1.948613971471786499e-01,-4.476984441280364990e-01,2.573011517524719238e-01,-4.254493415355682373e-01,2.022223919630050659e-01,-2.494147419929504395e-01,8.999272435903549194e-02,-1.210999414324760437e-01,-1.076959222555160522e-01,-1.050473302602767944e-01,9.001427143812179565e-02,5.411311984062194824e-02,2.936088666319847107e-02,-1.517422050237655640e-01,-8.418347686529159546e-02,-2.855904102325439453e-01,-2.029830217361450195e-02,1.478316634893417358e-01,9.506813250482082367e-03,-2.309268712997436523e-02,9.331956505775451660e-02,8.232025429606437683e-03,4.122639819979667664e-02,7.124911248683929443e-02,-1.291002333164215088e-02,-1.238322723656892776e-02,3.468322008848190308e-02
-2.742317390441894531e+01,-1.020295381546020508e+00,2.367583990097045898e+00,1.996760129928588867e+00,1.217108011245727539e+00,8.887661993503570557e-02,-6.286380887031555176e-01,4.361500442028045654e-01,-2.747619450092315674e-01,-1.499236524105072021e-01,-8.909603953361511230e-01,-3.938877582550048828e-01,-1.977885216474533081e-01,-2.197757214307785034e-01,-5.415169596672058105e-01,-1.184886321425437927e-01,-4.726841747760772705e-01,4.744857177138328552e-02,-4.318702965974807739e-02,3.579347729682922363e-01,-4.626720026135444641e-02,-7.678660750389099121e-02,-1.336654573678970337e-01,1.666637510061264038e-01,1.786719411611557007e-01,6.738546490669250488e-02,-2.582367360591888428e-01,1.899951323866844177e-02,-2.712170481681823730e-01,-1.158116012811660767e-01,2.272109873592853546e-02,-8.917368203401565552e-02,1.283086389303207397e-01,1.451210677623748779e-01,1.128634810447692871e-01,-2.938590296253096312e-05,4.713308811187744141e-02,6.200050469487905502e-03,6.509578973054885864e-02,1.713179796934127808e-01
-2.746447181701660156e+01,-1.302050352096557617e+00,2.566291809082031250e+00,2.073239326477050781e+00,1.208094358444213867e+00,1.251675635576248169e-01,-5.830152034759521484e-01,5.670063495635986328e-01,-4.216767251491546631e-01,-1.702819615602493286e-01,-8.031203746795654297e-01,-3.257744908332824707e-01,-1.766411215066909790e-01,-8.923164755105972290e-02,-2.414510101079940796e-01,2.091614753007888794e-01,-3.342477679252624512e-01,-3.409600257873535156e-02,-3.469920903444290161e-02,2.344935536384582520e-01,9.758081287145614624e-02,-2.452903613448143005e-02,-4.743469506502151489e-02,2.517791390419006348e-01,2.740996778011322021e-01,1.124562248587608337e-01,-3.625517189502716064e-01,-1.046991869807243347e-01,-1.317664086818695068e-01,-6.685253232717514038e-02,-6.910877674818038940e-02,-2.039529383182525635e-01,-2.357636950910091400e-02,1.448378562927246094e-01,2.767334282398223877e-01,9.711100906133651733e-02,4.594714939594268799e-02,-6.102676689624786377e-02,-6.902845948934555054e-02,1.405836343765258789e-01
-2.718129539489746094e+01,-1.306806802749633789e+00,2.514993190765380859e+00,1.895800828933715820e+00,9.682203531265258789e-01,9.814762324094772339e-02,-8.056409955024719238e-01,3.156500160694122314e-01,-3.530665636062622070e-01,7.260777056217193604e-03,-6.575182080268859863e-01,-1.737961918115615845e-01,-1.351470202207565308e-01,-8.862744271755218506e-02,-4.207465648651123047e-01,-6.555657833814620972e-02,-1.261352300643920898e-01,9.349304437637329102e-02,2.191600799560546875e-01,2.339972257614135742e-01,-6.214386224746704102e-02,-6.051782052963972092e-03,-1.532412171363830566e-01,3.680206835269927979e-01,2.521053552627563477e-01,5.899575352668762207e-02,-1.589115113019943237e-01,-9.257385134696960449e-02,-1.042877361178398132e-01,-9.549699723720550537e-02,8.055973798036575317e-02,5.192674323916435242e-02,-1.658379472792148590e-02,1.070508509874343872e-01,3.941825032234191895e-02,-1.107713282108306885e-01,2.353357709944248199e-02,9.515281766653060913e-02,1.727056503295898438e-02,-5.197467654943466187e-02
-2.784579849243164062e+01,-1.824941754341125488e+00,2.780001640319824219e+00,2.164947271347045898e+00,1.089346408843994141e+00,-6.644796580076217651e-02,-7.004884481430053711e-01,4.175099134445190430e-01,-3.213026523590087891e-01,-1.816413402557373047e-01,-7.232095599174499512e-01,-5.744310095906257629e-02,-2.349960654973983765e-01,-2.714402377605438232e-01,-5.535861253738403320e-01,2.613426446914672852e-01,1.236026734113693237e-01,-9.072604775428771973e-02,-2.706695497035980225e-01,-1.267407685518264771e-01,5.706219468265771866e-03,3.667224347591400146e-01,-8.665276318788528442e-02,7.508906722068786621e-02,2.627081573009490967e-01,-6.198329851031303406e-02,-2.076238244771957397e-01,-1.272589862346649170e-01,8.568438887596130371e-02,-9.668738394975662231e-02,-1.185121107846498489e-02,-7.563930749893188477e-02,-5.832816008478403091e-03,5.804454162716865540e-02,9.379956126213073730e-02,-4.200707003474235535e-02,-6.394899636507034302e-02,-2.938347868621349335e-02,1.709045022726058960e-01,2.700603008270263672e-01
-2.841239929199218750e+01,-1.998784303665161133e+00,2.444136619567871094e+00,1.714238047599792480e+00,5.584020614624023438e-01,-1.560656130313873291e-01,-8.900167942047119141e-01,6.065988540649414062e-01,7.350167632102966309e-02,-2.666099965572357178e-01,-9.772191047668457031e-01,-6.145893931388854980e-01,-7.880809158086776733e-02,7.945268601179122925e-02,-5.956989526748657227e-01,-2.186009287834167480e-01,-1.451614052057266235e-01,8.660402894020080566e-02,1.608284562826156616e-01,2.420280873775482178e-01,-2.225372046232223511e-01,-9.416789561510086060e-02,-1.125784441828727722e-01,-4.846173524856567383e-02,-4.714247956871986389e-02,-4.368721321225166321e-02,-1.595980823040008545e-01,-2.164046764373779297e-01,7.260595262050628662e-02,-1.519508566707372665e-02,8.921283483505249023e-02,-9.991332888603210449e-02,-8.141263574361801147e-02,5.015799030661582947e-02,9.231594204902648926e-02,2.214408367872238159e-01,1.338452994823455811e-01,2.574246004223823547e-02,-2.027532160282135010e-01,2.800091402605175972e-03
-2.799615478515625000e+01,-2.081152439117431641e+00,2.014171123504638672e+00,1.457037448883056641e+00,5.690845251083374023e-01,1.019813269376754761e-01,-8.818402886390686035e-01,1.284179538488388062e-01,-2.536924481391906738e-01,-1.626404970884323120e-01,-6.496056914329528809e-01,-4.082187414169311523e-01,-2.512978613376617432e-01,6.848829984664916992e-02,-3.986702859401702881e-01,1.344962418079376221e-01,-1.104618012905120850e-01,3.493077456951141357e-01,4.008473455905914307e-01,8.158798515796661377e-02,-1.089903041720390320e-01,-2.919042855501174927e-02,-1.088153719902038574e-01,2.891911268234252930e-01,3.582289814949035645e-02,1.097946986556053162e-01,-1.432110816240310669e-01,-1.714208424091339111e-01,2.307750135660171509e-01,9.019921720027923584e-02,4.645103588700294495e-02,-1.233829706907272339e-01,-1.230517253279685974e-01,-8.230113424360752106e-03,1.614982485771179199e-01,1.251151263713836670e-01,4.620436113327741623e-03,6.838493049144744873e-02,5.369025841355323792e-02,-2.521505206823348999e-02
-2.833614730834960938e+01,-1.520069956779479980e+00,2.245233297348022461e+00,1.287062883377075195e+00,5.847228765487670898e-01,6.750128269195556641e-01,-5.559805631637573242e-01,5.491177439689636230e-01,6.878909468650817871e-02,2.174089998006820679e-01,-9.421326220035552979e-02,-6.224578022956848145e-01,-2.207965552806854248e-01,1.407548040151596069e-01,-6.113059520721435547e-01,-3.142840694636106491e-03,3.119803778827190399e-02,1.807833015918731689e-01,2.357442378997802734e-01,1.401559449732303619e-02,1.983384191989898682e-01,1.580735146999359131e-01,-2.522930800914764404e-01,1.475666165351867676e-01,1.722846180200576782e-01,-3.888542577624320984e-02,-8.585231006145477295e-02,-6.997331045567989349e-03,-6.419800966978073120e-02,1.673733815550804138e-02,9.501700848340988159e-02,-7.016748655587434769e-03,-1.629644036293029785e-01,6.139857321977615356e-02,-8.170340955257415771e-02,-1.443331968039274216e-02,3.952382504940032959e-02,1.012862920761108398e-01,1.546291355043649673e-02,-4.165356233716011047e-02
-2.862033081054687500e+01,-1.429456949234008789e+00,2.321251630783081055e+00,1.301590800285339355e+00,7.108286619186401367e-01,6.013940572738647461e-01,-6.571568250656127930e-01,4.990565180778503418e-01,1.550460308790206909e-01,1.875982880592346191e-01,-5.675378441810607910e-01,-7.205722332000732422e-01,-4.225610196590423584e-01,2.154665626585483551e-02,-9.924643039703369141e-01,-1.907244473695755005e-01,5.615194886922836304e-02,9.838960319757461548e-02,2.098071426153182983e-01,2.742176353931427002e-01,1.231089532375335693e-01,3.174158930778503418e-01,4.809676110744476318e-02,1.301421374082565308e-01,-1.280978471040725708e-01,4.728826880455017090e-02,-7.496219873428344727e-02,-8.881361782550811768e-02,1.386808753013610840e-01,-1.666421592235565186e-01,8.832570165395736694e-02,6.029075756669044495e-02,1.840580999851226807e-01,1.928975135087966919e-01,1.956542767584323883e-02,-4.726790264248847961e-02,-3.103654645383358002e-02,2.151215523481369019e-01,-6.627127528190612793e-02,-3.224964439868927002e-02
-2.902985000610351562e+01,-1.374376893043518066e+00,2.266413927078247070e+00,1.601100087165832520e+00,8.916919231414794922e-01,5.392527580261230469e-01,-6.973739862442016602e-01,4.287670552730560303e-01,1.615013927221298218e-01,1.113551780581474304e-01,-4.208970069885253906e-01,-5.386534929275512695e-01,-3.509364426136016846e-01,-1.442720741033554077e-01,-8.299883604049682617e-01,-6.826864928007125854e-02,-1.826089993119239807e-02,-5.255378037691116333e-02,4.773144051432609558e-02,5.819533485919237137e-03,-7.236773520708084106e-02,-1.081026997417211533e-02,-2.577796578407287598e-01,-9.224160574376583099e-03,4.365774616599082947e-02,-1.114612892270088196e-01,-1.206221058964729309e-01,-1.020073369145393372e-01,-1.006959564983844757e-02,1.386906653642654419e-01,-6.403447687625885010e-02,-2.031414955854415894e-01,-4.782109707593917847e-02,6.155591830611228943e-02,1.092694029211997986e-01,1.889365762472152710e-01,1.567138433456420898e-01,2.852504141628742218e-02,-2.244198508560657501e-02,-7.886708527803421021e-02
-2.941756439208984375e+01,-1.048069953918457031e+00,2.690304279327392578e+00,1.867581963539123535e+00,7.310860753059387207e-01,2.336208373308181763e-01,-1.080161929130554199e+00,2.966443300247192383e-01,1.595838963985443115e-01,1.640613973140716553e-01,-3.538097143173217773e-01,-5.802404284477233887e-01,-1.084619238972663879e-01,-1.353873610496520996e-01,-5.884945392608642578e-01,-6.984676420688629150e-02,1.156396493315696716e-01,7.442996650934219360e-02,2.830807492136955261e-02,-1.623370312154293060e-02,5.369893461465835571e-02,2.253475338220596313e-01,-1.571920514106750488e-01,-2.684422954916954041e-02,-1.489993184804916382e-01,4.260166361927986145e-02,-5.796009302139282227e-02,-5.482045933604240417e-02,-1.069444939494132996e-01,-2.177271842956542969e-01,4.167043045163154602e-02,1.974711567163467407e-02,3.999185562133789062e-02,2.269908040761947632e-01,-8.463476598262786865e-02,-3.733139485120773315e-02,4.176692164037376642e-05,1.643424034118652344e-01,1.831710189580917358e-01,1.032900810241699219e-01
-2.999427795410156250e+01,-1.392048954963684082e+00,2.691218852996826172e+00,2.152243614196777344e+00,1.015299081802368164e+00,5.079247951507568359e-01,-9.824919700622558594e-01,4.834715723991394043e-01,1.221593320369720459e-01,-1.300044506788253784e-01,-6.909389495849609375e-01,-6.792204380035400391e-01,-1.546670943498611450e-01,1.593826264142990112e-01,-4.327811002731323242e-01,2.990944124758243561e-02,-1.910245269536972046e-01,-1.394319236278533936e-01,9.665672481060028076e-02,4.300060868263244629e-02,1.854660212993621826e-01,5.345461368560791016e-01,1.142041608691215515e-01,-3.624992817640304565e-02,-5.311201885342597961e-02,9.231080859899520874e-02,-1.466455906629562378e-01,-6.680431962013244629e-02,7.562004774808883667e-02,-8.221293985843658447e-02,1.299931108951568604e-01,8.936265856027603149e-02,-1.362072117626667023e-02,5.759815126657485962e-02,1.631951890885829926e-02,4.004037007689476013e-02,-7.913078367710113525e-02,1.236524209380149841e-01,9.296251460909843445e-03,1.356295794248580933e-01
-3.011179161071777344e+01,-1.138061404228210449e+00,2.595931291580200195e+00,1.957762837409973145e+00,6.128606796264648438e-01,4.142245352268218994e-01,-1.000691771507263184e+00,3.742307424545288086e-01,-1.850886493921279907e-01,-3.252770900726318359e-01,-6.508866548538208008e-01,-3.076857626438140869e-01,6.281411042436957359e-04,-2.273695766925811768e-01,-4.154430627822875977e-01,-7.629720866680145264e-02,-2.401879243552684784e-02,1.566962897777557373e-01,2.237635850906372070e-01,1.905292272567749023e-01,2.110303789377212524e-01,2.038035839796066284e-01,-5.984672531485557556e-02,-1.013277657330036163e-02,-1.064572557806968689e-01,1.332086622714996338e-01,1.925926208496093750e-01,2.357934117317199707e-01,6.997105665504932404e-03,-1.383641511201858521e-01,9.569521993398666382e-02,5.881006270647048950e-02,6.704995036125183105e-02,5.505104549229145050e-03,1.171598806977272034e-01,1.028297841548919678e-01,-8.193171769380569458e-02,-3.599935444071888924e-03,-7.255864888429641724e-02,-4.703407175838947296e-03
-3.122454833984375000e+01,-1.336059451103210449e+00,3.092736005783081055e+00,1.941292047500610352e+00,5.291880369186401367e-01,1.541579663753509521e-01,-1.269750475883483887e+00,4.564039111137390137e-01,-2.513643121346831322e-03,-3.942457139492034912e-01,-5.878010392189025879e-01,-2.565372884273529053e-01,8.983139880001544952e-03,-3.610003888607025146e-01,-7.330948114395141602e-01,-4.663912113755941391e-03,3.217752575874328613e-01,4.403515756130218506e-01,-6.711782515048980713e-02,-1.209895983338356018e-01,-4.083659499883651733e-02,4.530371427536010742e-01,1.701891422271728516e-01,2.658865749835968018e-01,6.094256415963172913e-02,1.396042555570602417e-01,5.567569285631179810e-02,-7.830010354518890381e-02,-4.105385392904281616e-02,-4.330962896347045898e-02,1.100476011633872986e-01,7.898797094821929932e-02,-4.402634222060441971e-03,-3.893880173563957214e-02,5.541373789310455322e-02,2.322941720485687256e-01,-7.037928327918052673e-03,1.127314865589141846e-01,7.315923273563385010e-02,-1.322568953037261963e-01
-3.127873420715332031e+01,-1.310537099838256836e+00,3.215755462646484375e+00,2.142669439315795898e+00,4.347516000270843506e-01,3.338884413242340088e-01,-8.326241374015808105e-01,3.483011722564697266e-01,-3.007650673389434814e-01,-3.369203507900238037e-01,-3.683952391147613525e-01,-3.248016536235809326e-01,-1.265076398849487305e-01,4.186259582638740540e-03,-6.584976911544799805e-01,2.628581784665584564e-02,1.367185115814208984e-01,3.311339318752288818e-01,2.290277555584907532e-02,-1.633996888995170593e-02,1.843805797398090363e-02,2.225762158632278442e-01,-1.361549198627471924e-01,-6.921955943107604980e-02,-2.429779917001724243e-01,3.557478263974189758e-02,1.227251365780830383e-01,-8.494070731103420258e-03,-9.414756298065185547e-02,-1.412200182676315308e-01,7.562426477670669556e-02,-9.367517381906509399e-02,-7.570709288120269775e-02,-4.458955023437738419e-03,7.259004563093185425e-02,1.340425163507461548e-01,-7.930304855108261108e-02,-8.526706695556640625e-02,-3.142555803060531616e-02,2.667893283069133759e-02
-3.183349227905273438e+01,-1.042374134063720703e+00,3.308369874954223633e+00,1.780739545822143555e+00,5.535408854484558105e-01,2.532974481582641602e-01,-1.042807698249816895e+00,4.480484426021575928e-01,-3.871357738971710205e-01,-3.184443116188049316e-01,-6.557277590036392212e-02,-1.826085001230239868e-01,-4.887903481721878052e-02,1.031174734234809875e-01,-4.803735613822937012e-01,-1.558930729515850544e-03,1.211492568254470825e-01,3.309091329574584961e-01,1.860450804233551025e-01,3.172645866870880127e-01,1.630359888076782227e-01,3.312858343124389648e-01,-1.714208871126174927e-01,-3.401308134198188782e-02,-6.286609917879104614e-02,2.476625889539718628e-01,3.358009830117225647e-02,2.448023855686187744e-02,3.860950004309415817e-03,-1.299904733896255493e-01,3.682471513748168945e-01,8.069862425327301025e-02,-1.100083440542221069e-01,-1.143582165241241455e-03,2.024362385272979736e-01,2.443017996847629547e-02,-1.087580993771553040e-01,2.057625912129878998e-03,-3.425367176532745361e-02,9.934756904840469360e-02
-3.106449890136718750e+01,-2.653280496597290039e-01,3.134396076202392578e+00,1.103038549423217773e+00,-1.315233409404754639e-01,6.689602136611938477e-01,-5.378443598747253418e-01,5.822961926460266113e-01,-3.630163073539733887e-01,-6.167542934417724609e-01,-5.547447204589843750e-01,2.579031586647033691e-01,8.352648615837097168e-01,5.511821508407592773e-01,-6.556196808815002441e-01,-1.409222483634948730e-01,-3.614848554134368896e-01,-4.859958961606025696e-02,1.392006278038024902e-01,6.379271298646926880e-02,3.213265836238861084e-01,4.520433247089385986e-01,-1.031159609556198120e-01,-7.114313542842864990e-02,-2.496961271390318871e-03,-5.183582007884979248e-02,-1.514222919940948486e-01,2.606905698776245117e-01,1.470116823911666870e-01,-7.080300897359848022e-02,4.172246903181076050e-03,-3.514338657259941101e-02,-9.593389183282852173e-02,1.059255469590425491e-02,6.983766704797744751e-02,1.783772855997085571e-01,-7.386742532253265381e-02,1.010053530335426331e-01,-6.560835242271423340e-02,-9.551044553518295288e-02
-2.934918212890625000e+01,1.843016862869262695e+00,3.043373823165893555e+00,-2.374713867902755737e-01,-1.156747579574584961e+00,1.609680354595184326e-01,-2.828155755996704102e-01,7.488322257995605469e-01,-6.581354141235351562e-01,-6.777558326721191406e-01,-4.336752295494079590e-01,-4.016165435314178467e-02,1.646838635206222534e-01,6.162249445915222168e-01,-1.715063005685806274e-01,1.803515553474426270e-01,-5.586493387818336487e-02,-4.777775146067142487e-03,-7.864975929260253906e-02,-1.537591069936752319e-01,2.265601158142089844e-01,3.156308829784393311e-01,-3.758869171142578125e-01,2.693044543266296387e-01,1.105934605002403259e-01,-2.558511681854724884e-02,1.078367307782173157e-01,1.907957345247268677e-01,-1.333067845553159714e-02,1.665450446307659149e-02,9.994757920503616333e-02,-3.318050131201744080e-02,8.931215852499008179e-03,4.006746411323547363e-02,-4.178889468312263489e-02,1.137779727578163147e-01,-6.310651451349258423e-02,5.143057927489280701e-02,-1.560702919960021973e-02,5.759584903717041016e-02
-2.852997207641601562e+01,2.247054338455200195e+00,2.161971330642700195e+00,-3.649982810020446777e-01,-1.001673340797424316e+00,2.137841284275054932e-01,-5.921097993850708008e-01,5.146638154983520508e-01,-9.577261805534362793e-01,-6.516005992889404297e-01,-3.316459059715270996e-01,-2.910364232957363129e-02,2.831515371799468994e-01,8.144648671150207520e-01,-9.736219048500061035e-02,2.154115736484527588e-01,9.664805233478546143e-02,-9.606941044330596924e-02,-1.010773330926895142e-02,1.667289435863494873e-01,1.890229582786560059e-01,-1.823459379374980927e-02,-5.118961930274963379e-01,2.184524536132812500e-01,3.237463235855102539e-01,-6.505520641803741455e-02,-1.410493161529302597e-02,2.139928787946701050e-01,7.581446319818496704e-02,4.102056100964546204e-02,1.072779968380928040e-01,-6.855422258377075195e-02,6.705143302679061890e-02,-4.988119006156921387e-03,-1.048820465803146362e-02,1.670497357845306396e-01,3.036973997950553894e-02,6.698244810104370117e-02,1.559478137642145157e-02,-4.943751171231269836e-02
-2.794497680664062500e+01,2.908806324005126953e+00,1.820906996726989746e+00,-7.976066470146179199e-01,-9.672208428382873535e-01,1.081078797578811646e-01,-5.066326856613159180e-01,4.772468805313110352e-01,-6.570192575454711914e-01,-3.239568769931793213e-01,-2.704701721668243408e-01,-8.518690615892410278e-02,1.258607674390077591e-02,1.042033553123474121e+00,1.167207583785057068e-01,2.030176371335983276e-01,5.259284377098083496e-02,4.634729027748107910e-01,-6.307236850261688232e-03,-2.055800147354602814e-02,-2.622376941144466400e-02,-2.235984802246093750e-01,-4.145558178424835205e-01,4.062529504299163818e-01,2.009258419275283813e-01,-2.240998893976211548e-01,-1.894867122173309326e-01,-2.005017735064029694e-02,2.960613183677196503e-02,1.394171416759490967e-01,2.545177191495895386e-02,-1.883351504802703857e-01,-1.244958862662315369e-01,2.899839729070663452e-02,1.549116224050521851e-01,1.441377401351928711e-01,-5.542354285717010498e-02,-1.103560477495193481e-01,1.248616427183151245e-01,4.146339744329452515e-02
-2.787844276428222656e+01,3.238441705703735352e+00,1.588054537773132324e+00,-8.298105597496032715e-01,-1.108357191085815430e+00,2.670528292655944824e-01,-3.631039559841156006e-01,2.339424937963485718e-02,-1.046221256256103516e+00,-1.561130434274673462e-01,-3.967643529176712036e-02,2.140486836433410645e-01,-1.234883219003677368e-01,7.321452498435974121e-01,3.627494443207979202e-03,-4.382702708244323730e-01,1.425970792770385742e-01,5.123446583747863770e-01,-3.017250299453735352e-01,-6.865449994802474976e-02,-2.036048658192157745e-02,-7.201007753610610962e-02,-4.653520882129669189e-01,3.383516073226928711e-01,-6.032322719693183899e-02,-3.818240761756896973e-02,-1.822813302278518677e-01,8.627723157405853271e-02,-9.805166162550449371e-03,-5.097239837050437927e-02,2.589925229549407959e-01,-1.737638711929321289e-01,1.029753610491752625e-01,1.974840760231018066e-01,1.817563772201538086e-01,3.294629752635955811e-01,-9.441044926643371582e-02,-9.172385931015014648e-02,1.101435273885726929e-01,-5.470271781086921692e-02
-2.778954315185546875e+01,3.397240161895751953e+00,1.353752255439758301e+00,-6.125711798667907715e-01,-1.108575582504272461e+00,2.446020394563674927e-01,-1.635013520717620850e-01,8.517791330814361572e-02,-1.160696864128112793e+00,-2.328597456216812134e-01,-3.603938817977905273e-01,4.540491104125976562e-01,-9.059400111436843872e-02,8.897460699081420898e-01,4.383649230003356934e-01,-1.029701605439186096e-01,4.001899808645248413e-02,4.251132905483245850e-01,-2.443536967039108276e-01,-5.054096579551696777e-01,2.300237491726875305e-02,1.553488429635763168e-03,4.700533580034971237e-03,4.507991075515747070e-01,1.395724248141050339e-03,-9.454233199357986450e-02,-1.858971118927001953e-01,-5.020187050104141235e-02,-3.474440425634384155e-02,1.193671226501464844e-01,3.370706140995025635e-01,1.377581357955932617e-01,4.866210743784904480e-02,-6.233369465917348862e-03,2.074286937713623047e-01,1.297475546598434448e-01,-7.333407551050186157e-02,8.208952844142913818e-03,1.213562339544296265e-01,2.128300219774246216e-01
-2.796407318115234375e+01,3.355509281158447266e+00,8.724722862243652344e-01,-7.049690485000610352e-01,-1.190794348716735840e+00,-2.956930175423622131e-02,-3.779174983501434326e-01,8.064141497015953064e-03,-1.112056136131286621e+00,-3.448356986045837402e-01,-8.720904588699340820e-02,5.606968402862548828e-01,-5.909343957901000977e-01,4.799604117870330811e-01,2.566226720809936523e-01,-3.091182708740234375e-01,-2.112382352352142334e-01,1.490192115306854248e-01,-6.246417760848999023e-01,-2.352705150842666626e-01,-8.716019801795482635e-03,5.606507509946823120e-02,-2.101915329694747925e-01,4.047462940216064453e-01,-1.236247271299362183e-01,9.114932268857955933e-02,-3.938239067792892456e-02,1.079854369163513184e-01,-3.251528739929199219e-01,-1.160498410463333130e-01,7.345457375049591064e-02,-1.897065788507461548e-01,1.373785138130187988e-01,4.543993994593620300e-02,9.463138133287429810e-02,9.712531417608261108e-02,-1.179721504449844360e-01,-1.438548266887664795e-01,-4.260293394327163696e-02,1.610346287488937378e-01
-2.800417518615722656e+01,3.846817016601562500e+00,6.256127953529357910e-01,-6.826875805854797363e-01,-5.685477852821350098e-01,2.432245761156082153e-01,-2.576835155487060547e-01,2.180165983736515045e-02,-1.000444412231445312e+00,-4.755070507526397705e-01,-2.206518501043319702e-01,8.379139900207519531e-01,-4.601055383682250977e-01,3.521898388862609863e-01,1.249344646930694580e-02,-1.661201417446136475e-01,-2.319471240043640137e-01,2.257496118545532227e-01,-3.911269903182983398e-01,-2.701016068458557129e-01,-7.163506001234054565e-02,2.125199884176254272e-01,6.031608954071998596e-02,4.225114583969116211e-01,-4.810419678688049316e-02,1.054918393492698669e-01,2.901806123554706573e-02,-9.084559231996536255e-02,-1.614437848329544067e-01,-5.020468309521675110e-02,1.099769249558448792e-01,-1.651569455862045288e-01,2.061866968870162964e-01,1.688820123672485352e-01,-1.152146384119987488e-01,-1.550086736679077148e-01,-2.424003742635250092e-02,2.133927494287490845e-01,1.174686178565025330e-01,-1.572547852993011475e-01
-2.800497055053710938e+01,3.985335588455200195e+00,3.404492139816284180e-01,-8.227246403694152832e-01,-1.816094070672988892e-01,2.043402493000030518e-01,-4.542385339736938477e-01,-4.991514980792999268e-02,-1.195711255073547363e+00,-7.045422196388244629e-01,-5.073775649070739746e-01,8.688390851020812988e-01,-4.238489270210266113e-01,5.482391119003295898e-01,-5.021192878484725952e-02,-8.003454655408859253e-02,-2.855122387409210205e-01,4.229053854942321777e-02,-4.445673823356628418e-01,5.650305002927780151e-02,2.429453656077384949e-02,1.832235902547836304e-01,-3.123603016138076782e-02,5.992847681045532227e-01,-2.459342926740646362e-01,-1.562452763319015503e-01,2.086850404739379883e-01,1.887169033288955688e-01,-1.956377327442169189e-01,-2.890311554074287415e-02,2.016816139221191406e-01,-1.292799860239028931e-01,4.070482403039932251e-02,-8.353953063488006592e-02,-1.378414034843444824e-02,4.347420483827590942e-02,-3.763934969902038574e-02,8.126882836222648621e-03,4.841354116797447205e-02,-1.335179656744003296e-01
-2.833431625366210938e+01,4.473312377929687500e+00,2.214247733354568481e-01,-7.080507874488830566e-01,1.219752207398414612e-01,7.244845628738403320e-01,-3.171627223491668701e-01,-3.569006547331809998e-02,-7.999489903450012207e-01,-7.831127643585205078e-01,-4.271208345890045166e-01,2.660177052021026611e-01,-6.487455368041992188e-01,4.449684619903564453e-01,6.281831115484237671e-02,2.341163158416748047e-01,-2.231793999671936035e-01,2.056266181170940399e-02,-4.791253507137298584e-01,1.572431325912475586e-01,-3.642419353127479553e-02,-1.181704103946685791e-01,3.876398131251335144e-02,5.998092293739318848e-01,-1.790872961282730103e-01,-3.486145660281181335e-02,1.047129556536674500e-01,7.424364984035491943e-02,2.423456637188792229e-03,-2.415011078119277954e-02,4.710438847541809082e-02,-1.465788632631301880e-01,2.125841677188873291e-01,5.514818057417869568e-02,1.072299182415008545e-01,-1.041078101843595505e-02,-1.271702498197555542e-01,-8.915939182043075562e-02,9.625022858381271362e-02,3.623583912849426270e-02
-2.875761413574218750e+01,4.798051834106445312e+00,1.556104123592376709e-01,-8.504650592803955078e-01,4.389530420303344727e-01,2.443681806325912476e-01,-5.851550102233886719e-01,-2.814106941223144531e-01,-6.616396307945251465e-01,-3.821131587028503418e-01,-1.262087225914001465e-01,3.680239617824554443e-01,-7.102764844894409180e-01,2.323371917009353638e-01,-2.562401117756962776e-03,4.055761098861694336e-01,-3.685661032795906067e-02,2.445373237133026123e-01,-3.598017394542694092e-01,3.874149173498153687e-02,-8.304492384195327759e-02,-2.009402513504028320e-01,-2.268720269203186035e-01,4.475091695785522461e-01,-2.225733175873756409e-02,9.645278751850128174e-02,3.496780619025230408e-02,-3.352886298671364784e-03,4.675259068608283997e-02,1.071451529860496521e-01,2.187268584966659546e-01,-7.856023311614990234e-02,7.735183835029602051e-02,1.488024443387985229e-01,5.810425058007240295e-02,4.273328930139541626e-02,-1.358971148729324341e-01,-8.181259036064147949e-02,1.785926818847656250e-01,2.505898661911487579e-02
-2.912898445129394531e+01,5.473558902740478516e+00,-1.363045722246170044e-01,-1.346261143684387207e+00,5.116218328475952148e-01,5.550554990768432617e-01,-8.492880463600158691e-01,-3.082105815410614014e-01,-7.488174438476562500e-01,-1.261697113513946533e-01,-5.000463128089904785e-01,1.772268265485763550e-01,-2.832008600234985352e-01,5.068224072456359863e-01,2.366492897272109985e-02,2.272872924804687500e-01,-1.186505556106567383e-01,-3.148249536752700806e-02,-4.048373401165008545e-01,4.616790637373924255e-02,9.783621877431869507e-03,1.303445100784301758e-01,5.618993192911148071e-03,2.486103773117065430e-01,1.903949975967407227e-01,-9.065207093954086304e-02,-1.111373230814933777e-01,-1.215584203600883484e-01,-1.737713627517223358e-02,1.081993579864501953e-01,4.720494151115417480e-02,-1.580648869276046753e-01,2.067097574472427368e-01,6.445326842367649078e-03,5.878056958317756653e-02,1.130337268114089966e-01,-5.438254028558731079e-02,-1.830766908824443817e-02,6.057706847786903381e-02,-2.311657927930355072e-02
-2.944381332397460938e+01,5.460339546203613281e+00,6.126347184181213379e-02,-1.471464276313781738e+00,8.943699598312377930e-01,4.823525547981262207e-01,-9.871796965599060059e-01,-3.694969713687896729e-01,-3.505048155784606934e-01,1.504445262253284454e-02,-2.756629288196563721e-01,1.900774836540222168e-01,-5.065566897392272949e-01,3.401018679141998291e-01,-1.053421050310134888e-01,8.408035337924957275e-02,-2.850213944911956787e-01,2.296127229928970337e-01,-3.604511022567749023e-01,-5.668174847960472107e-02,1.719463500194251537e-03,8.994951844215393066e-02,-2.888942062854766846e-01,2.971605658531188965e-01,1.760904937982559204e-01,-9.840147197246551514e-02,-3.112018480896949768e-02,-9.905251115560531616e-02,1.657582670450210571e-01,-4.754709824919700623e-02,-1.074365302920341492e-01,-1.050727665424346924e-01,1.043395698070526123e-01,1.349749118089675903e-01,2.325118631124496460e-01,1.897235512733459473e-01,-1.906775534152984619e-01,-1.255348473787307739e-01,1.914637535810470581e-02,1.420000642538070679e-01
-2.964197921752929688e+01,5.484921932220458984e+00,-3.686308264732360840e-01,-1.608700990676879883e+00,1.111925959587097168e+00,7.574344873428344727e-01,-1.096018314361572266e+00,-4.992824196815490723e-01,-8.167719244956970215e-01,-2.205647975206375122e-01,-2.973352670669555664e-01,3.376328945159912109e-01,-2.693228656426072121e-03,8.150710463523864746e-01,-5.113744642585515976e-03,-1.058179605752229691e-02,-4.513031840324401855e-01,-1.449619233608245850e-01,-3.521640300750732422e-01,-1.285819858312606812e-01,-2.838518656790256500e-02,-1.714233122766017914e-02,1.376802450977265835e-03,2.495975494384765625e-01,7.633979618549346924e-02,-2.117363065481185913e-01,-8.253606036305427551e-03,-1.336590796709060669e-01,1.335222721099853516e-01,9.985512495040893555e-02,1.882365792989730835e-01,-7.233131676912307739e-02,3.659006953239440918e-02,9.330945089459419250e-03,5.689170584082603455e-02,-5.024964734911918640e-02,-3.248822093009948730e-01,1.274939030408859253e-01,2.044691443443298340e-01,8.952921628952026367e-02
-2.991411399841308594e+01,5.712827682495117188e+00,-2.524618506431579590e-01,-1.734629034996032715e+00,1.118926882743835449e+00,5.508264303207397461e-01,-1.072757005691528320e+00,-2.280889749526977539e-01,-1.717042624950408936e-01,-2.321541309356689453e-01,-2.432876378297805786e-01,2.606432437896728516e-01,-3.441200554370880127e-01,5.010995268821716309e-01,5.172916129231452942e-02,-3.666792763397097588e-03,-2.887075841426849365e-01,1.529249697923660278e-01,-8.964997529983520508e-02,6.535542011260986328e-02,7.003378868103027344e-02,3.244503587484359741e-02,-1.905793994665145874e-01,3.676905110478401184e-02,8.663763850927352905e-02,-2.585680782794952393e-01,1.049982085824012756e-01,1.470553595572710037e-02,-8.538009226322174072e-02,5.297117307782173157e-02,2.729990147054195404e-02,-6.503299344331026077e-03,1.168366707861423492e-02,-5.519208684563636780e-02,3.821023926138877869e-02,8.120080828666687012e-02,-1.315797865390777588e-01,1.362336147576570511e-02,5.715163424611091614e-02,-1.612863689661026001e-01
-3.006356811523437500e+01,5.389551639556884766e+00,-2.357787936925888062e-01,-1.417748093605041504e+00,1.458080291748046875e+00,3.343020975589752197e-01,-1.178803801536560059e+00,-1.183903962373733521e-01,-2.926945388317108154e-01,-3.216412067413330078e-01,-6.530233621597290039e-01,-1.005024164915084839e-01,-6.115863919258117676e-01,3.538894355297088623e-01,1.467799842357635498e-01,6.117845177650451660e-01,-1.817112602293491364e-02,1.901248693466186523e-01,-2.662242352962493896e-01,6.069020181894302368e-02,1.533391326665878296e-01,-1.352233588695526123e-01,-2.225763201713562012e-01,-4.989629238843917847e-02,4.056122601032257080e-01,-9.372825175523757935e-02,3.167307972908020020e-01,1.409670263528823853e-01,-1.465274840593338013e-01,-2.670027911663055420e-01,-4.601236432790756226e-02,-1.718151122331619263e-01,-6.685017794370651245e-02,3.288042172789573669e-02,1.571350917220115662e-02,3.782174363732337952e-02,-1.866527944803237915e-01,-1.117292325943708420e-03,9.397410601377487183e-02,1.618311554193496704e-02
-3.048650169372558594e+01,5.437373638153076172e+00,-4.002148807048797607e-01,-2.049110889434814453e+00,1.460036396980285645e+00,6.545184850692749023e-01,-9.253696799278259277e-01,-6.341662257909774780e-02,-1.915494203567504883e-01,-3.670955598354339600e-01,-9.028196334838867188e-01,6.903623044490814209e-02,-2.775284945964813232e-01,4.287550747394561768e-01,-3.341208696365356445e-01,4.382938146591186523e-01,1.684088557958602905e-01,4.748296737670898438e-01,1.599965989589691162e-01,1.414173990488052368e-01,1.398698985576629639e-01,2.237987667322158813e-01,2.423778474330902100e-01,5.259732715785503387e-03,1.102487519383430481e-01,-3.979620039463043213e-01,1.834486275911331177e-01,-1.333211660385131836e-01,1.794114708900451660e-02,-1.335005164146423340e-01,5.442154780030250549e-02,-6.740839034318923950e-02,6.043007597327232361e-02,-3.218789771199226379e-02,-1.211052015423774719e-01,6.820959504693746567e-03,-7.987067103385925293e-02,6.517630070447921753e-02,-1.338562071323394775e-01,2.361103519797325134e-02
-3.105382919311523438e+01,5.394827842712402344e+00,-2.795989625155925751e-02,-1.231204271316528320e+00,1.827043175697326660e+00,7.166125774383544922e-01,-1.400547146797180176e+00,-4.237970113754272461e-01,-6.402651071548461914e-01,-2.151475101709365845e-02,-5.068755894899368286e-02,1.200264692306518555e-01,-5.535333156585693359e-01,1.774150431156158447e-01,-2.800047993659973145e-01,3.354525566101074219e-01,1.597267985343933105e-01,2.361263632774353027e-01,-7.374010980129241943e-02,-1.626296192407608032e-01,1.827755570411682129e-02,6.483609974384307861e-02,2.419398427009582520e-01,2.827591896057128906e-01,2.985011041164398193e-01,-2.938517928123474121e-01,-1.790303885936737061e-01,-2.062268704175949097e-01,-2.318072319030761719e-02,1.013569161295890808e-01,3.081376552581787109e-01,1.359371654689311981e-02,1.959243789315223694e-02,-8.724193274974822998e-02,1.488174870610237122e-02,5.675076320767402649e-02,-1.007988974452018738e-01,1.793461143970489502e-01,-6.372363865375518799e-02,-2.136472016572952271e-01
-3.092237091064453125e+01,5.357551097869873047e+00,-2.090166360139846802e-01,-1.871167063713073730e+00,1.135640025138854980e+00,8.560231328010559082e-01,-7.149166464805603027e-01,-2.834618790075182915e-03,-3.052553534507751465e-01,-3.717589750885963440e-02,-1.003022566437721252e-01,1.607766151428222656e-01,-5.128597840666770935e-03,4.112974107265472412e-01,-2.909051068127155304e-02,1.738204956054687500e-01,-8.609203994274139404e-02,2.008057683706283569e-01,-6.909340620040893555e-02,-7.139862328767776489e-02,-4.809340927749872208e-03,7.648750394582748413e-02,9.516597539186477661e-02,2.544731274247169495e-02,1.472517102956771851e-01,-2.279804646968841553e-02,1.073099896311759949e-01,1.365095376968383789e-01,8.857527375221252441e-02,9.208118915557861328e-02,1.919512152671813965e-01,-2.442281544208526611e-01,-2.007440663874149323e-02,4.744559898972511292e-02,3.103565424680709839e-02,1.735465414822101593e-02,9.143213741481304169e-03,1.629160940647125244e-01,2.359621226787567139e-02,-3.877621516585350037e-02
-3.148684120178222656e+01,5.639255046844482422e+00,4.162319898605346680e-01,-1.735679864883422852e+00,9.137455224990844727e-01,9.669284820556640625e-01,-9.183062911033630371e-01,-2.915826439857482910e-01,-3.709503114223480225e-01,6.352745741605758667e-02,-5.400213003158569336e-01,-7.456485182046890259e-02,-1.938604861497879028e-01,4.634092450141906738e-01,9.315137565135955811e-02,5.133346915245056152e-01,-2.520220875740051270e-01,-1.319807022809982300e-01,2.234335094690322876e-01,5.341565012931823730e-01,1.815339624881744385e-01,-6.211744248867034912e-02,-2.224216470494866371e-03,2.868500351905822754e-01,4.390819072723388672e-01,8.972216397523880005e-02,1.448453664779663086e-01,-6.588280200958251953e-02,2.980844676494598389e-02,-1.778744608163833618e-01,1.929012238979339600e-01,-1.038550492376089096e-02,1.257084775716066360e-03,8.847028948366641998e-03,-4.893678054213523865e-02,1.423403173685073853e-01,1.062615588307380676e-01,1.114650368690490723e-01,-1.773398667573928833e-01,2.611996605992317200e-02
-3.184078407287597656e+01,5.678092002868652344e+00,4.369129538536071777e-01,-1.874336957931518555e+00,9.882606863975524902e-01,1.040789246559143066e+00,-8.747444748878479004e-01,-8.388485759496688843e-02,-2.412864267826080322e-01,-5.737936496734619141e-02,-1.497149914503097534e-01,-2.544528571888804436e-03,-7.971730083227157593e-02,6.183456256985664368e-02,-2.247204929590225220e-01,-3.704015165567398071e-02,-1.935794353485107422e-01,9.304487705230712891e-02,-1.988722570240497589e-02,3.183302581310272217e-01,8.033790439367294312e-02,5.657488852739334106e-02,2.103239148855209351e-01,2.914898097515106201e-01,2.080568969249725342e-01,-1.708503514528274536e-01,-1.727104783058166504e-01,-2.361061051487922668e-02,-6.094111595302820206e-03,-6.683310121297836304e-02,1.701592952013015747e-01,-1.258082985877990723e-01,-5.016418173909187317e-03,6.317061930894851685e-02,3.656217083334922791e-02,5.086870118975639343e-02,7.843691110610961914e-02,1.923451572656631470e-01,3.552350029349327087e-02,1.097638010978698730e-01
-3.204685974121093750e+01,5.626694679260253906e+00,2.942338287830352783e-01,-1.591301679611206055e+00,6.514956355094909668e-01,1.118915438652038574e+00,-1.076298713684082031e+00,-5.943672060966491699e-01,-3.362234234809875488e-01,-2.868034243583679199e-01,-7.386640310287475586e-01,-3.751730322837829590e-01,3.639884293079376221e-02,2.809656560420989990e-01,7.419759035110473633e-02,1.506191045045852661e-01,-9.338226914405822754e-02,-7.700839079916477203e-03,1.090755593031644821e-02,4.613699615001678467e-01,6.742421537637710571e-02,1.128180045634508133e-02,-1.015520021319389343e-01,-3.666592761874198914e-02,1.224748939275741577e-01,-1.495943963527679443e-01,-1.302442550659179688e-01,-1.096754223108291626e-01,3.359238430857658386e-02,-1.247662529349327087e-01,5.131913349032402039e-02,-4.208884760737419128e-02,-7.623475976288318634e-03,7.846256718039512634e-03,-2.612415328621864319e-02,-3.487796336412429810e-02,-2.837202697992324829e-02,-8.724673092365264893e-02,-6.103897467255592346e-03,3.515904536470770836e-03
-3.255526351928710938e+01,5.526402473449707031e+00,6.058843135833740234e-01,-1.554162859916687012e+00,8.983044624328613281e-01,9.516288638114929199e-01,-1.174183726310729980e+00,-4.042611420154571533e-01,-3.970483243465423584e-01,-4.923925399780273438e-01,-4.058133363723754883e-01,3.408848941326141357e-01,2.316095232963562012e-01,-9.181041270494461060e-02,-1.805804967880249023e-01,3.878439366817474365e-01,1.788648068904876709e-01,5.719236284494400024e-02,9.325760416686534882e-03,4.298875033855438232e-01,-6.328142434358596802e-02,-1.138838529586791992e-01,-9.439682960510253906e-02,6.164904683828353882e-03,2.605451047420501709e-01,7.560623437166213989e-02,1.283842176198959351e-01,-6.237170845270156860e-02,6.715906411409378052e-02,2.131806872785091400e-02,-2.426757849752902985e-02,-9.952495992183685303e-02,1.949183642864227295e-01,1.341803222894668579e-01,9.276212006807327271e-02,8.348849415779113770e-02,-9.155773371458053589e-02,-5.660326406359672546e-02,8.839729428291320801e-02,2.660509757697582245e-02
-3.284584045410156250e+01,5.493279457092285156e+00,8.384861350059509277e-01,-1.135297656059265137e+00,6.943200826644897461e-01,8.363373875617980957e-01,-9.825670123100280762e-01,-2.655327022075653076e-01,-1.759782731533050537e-01,-3.571847379207611084e-01,-5.933699011802673340e-01,-2.542392611503601074e-01,3.213533163070678711e-01,2.159521728754043579e-01,9.464003145694732666e-02,3.771792948246002197e-01,-2.781739085912704468e-02,-1.967549771070480347e-01,1.601408119313418865e-03,4.852707386016845703e-01,-1.751244300976395607e-03,-3.228097781538963318e-02,1.322971731424331665e-01,1.667488366365432739e-01,2.707050144672393799e-01,3.807434812188148499e-02,4.744522646069526672e-02,-2.846874892711639404e-01,1.452249381691217422e-02,-1.867398619651794434e-01,2.062829285860061646e-01,2.183412387967109680e-02,-2.749545732513070107e-03,-6.650664657354354858e-02,-1.451383978128433228e-01,8.503838628530502319e-02,-6.272162497043609619e-02,-8.597422391176223755e-03,6.977164652198553085e-03,5.725835449993610382e-03
-3.324198150634765625e+01,5.005004882812500000e+00,4.775224626064300537e-01,-1.552522182464599609e+00,7.255402207374572754e-01,8.635185360908508301e-01,-8.059651255607604980e-01,-5.030204653739929199e-01,-1.038970649242401123e-01,-5.543078109622001648e-02,-6.088198423385620117e-01,-9.865801781415939331e-02,1.823970228433609009e-01,1.000260710716247559e-01,-8.713824301958084106e-02,7.542462646961212158e-02,2.767803668975830078e-01,1.630837619304656982e-01,-2.417604625225067139e-01,1.725962758064270020e-01,-8.201894233934581280e-04,1.166099756956100464e-01,2.190049737691879272e-01,2.087374776601791382e-01,2.041927278041839600e-01,7.339338958263397217e-02,6.284976750612258911e-02,9.582689963281154633e-03,1.693095713853836060e-01,-1.395037770271301270e-02,-9.124740026891231537e-04,-1.070781610906124115e-03,2.210399657487869263e-01,1.008499413728713989e-01,6.929893977940082550e-03,1.950582861900329590e-01,-7.016114145517349243e-02,-9.465472400188446045e-02,2.014559879899024963e-02,-1.319726705551147461e-01
-3.278966140747070312e+01,4.605814456939697266e+00,-1.059476053342223167e-03,-7.736112475395202637e-01,6.348184347152709961e-01,9.912477135658264160e-01,-8.679806590080261230e-01,-4.847409725189208984e-01,-3.066634200513362885e-02,-4.386770427227020264e-01,-6.734492182731628418e-01,-1.447834074497222900e-01,3.574968874454498291e-01,-2.999253273010253906e-01,-2.007669657468795776e-01,3.034273684024810791e-01,-1.243898943066596985e-01,1.295718997716903687e-01,-1.658818274736404419e-01,2.634346298873424530e-02,1.264140307903289795e-01,-2.088793180882930756e-02,1.898330897092819214e-01,2.253633690997958183e-03,-8.977350592613220215e-02,1.666762083768844604e-01,2.053153067827224731e-01,-4.439464211463928223e-01,-2.691767513751983643e-01,6.524053961038589478e-02,-1.961271045729517937e-03,-2.811034023761749268e-01,-6.099395081400871277e-02,-2.661545574665069580e-02,-1.858949363231658936e-01,1.053706090897321701e-02,1.361137814819812775e-02,-1.213497519493103027e-01,1.308296769857406616e-01,2.286623269319534302e-01
-3.178849983215332031e+01,4.100250720977783203e+00,-4.824013411998748779e-01,-9.780263900756835938e-02,7.932968735694885254e-01,8.970428109169006348e-01,-1.090514540672302246e+00,-6.004768013954162598e-01,-6.830741465091705322e-02,1.302434224635362625e-02,-9.785624593496322632e-02,-4.215912520885467529e-01,-1.376679837703704834e-01,-3.250077366828918457e-01,-6.150990352034568787e-02,6.482148170471191406e-01,1.987961977720260620e-01,5.316948294639587402e-01,-4.374847933650016785e-02,-3.110022246837615967e-01,3.984276577830314636e-02,-3.500761091709136963e-01,-2.060430683195590973e-02,3.715277612209320068e-01,-2.532950639724731445e-01,-1.028278917074203491e-01,1.611202359199523926e-01,-2.121861726045608521e-01,-6.261548399925231934e-02,2.672486007213592529e-01,2.787239477038383484e-02,-1.770269274711608887e-01,1.016196459531784058e-01,1.692727766931056976e-02,-7.356861978769302368e-02,7.385633885860443115e-02,1.369450837373733521e-01,4.802698269486427307e-03,-3.981227055191993713e-02,-1.534487865865230560e-02
-3.158421707153320312e+01,3.914926528930664062e+00,-6.161092519760131836e-01,-2.024858444929122925e-01,3.083458542823791504e-01,1.141335129737854004e+00,-7.448368668556213379e-01,-4.053035676479339600e-01,-2.721184194087982178e-01,-2.434912323951721191e-01,3.892734050750732422e-01,-5.215364098548889160e-01,-6.804207712411880493e-02,1.308773458003997803e-02,-8.885550498962402344e-02,4.286935627460479736e-01,-4.099758267402648926e-01,4.407386481761932373e-01,2.996938526630401611e-01,-9.032698720693588257e-02,4.499796628952026367e-01,-2.149874567985534668e-01,-1.586052179336547852e-01,4.975505471229553223e-01,-2.186579406261444092e-01,5.220570787787437439e-02,4.987453520298004150e-01,-1.285649389028549194e-01,-1.365186274051666260e-01,-4.236368462443351746e-03,-2.222905904054641724e-01,-1.308442503213882446e-01,7.302854210138320923e-02,-2.696282416582107544e-02,8.580070734024047852e-02,-5.829915031790733337e-02,8.173698186874389648e-02,-9.777716547250747681e-02,-8.546229451894760132e-03,3.378661349415779114e-02
-3.172501373291015625e+01,3.838609933853149414e+00,-4.524480402469635010e-01,-5.299738794565200806e-02,2.407276928424835205e-01,8.950175642967224121e-01,-8.440590500831604004e-01,-2.206026017665863037e-01,3.555655106902122498e-02,-2.744199335575103760e-01,4.193055927753448486e-01,-2.381018549203872681e-01,2.962223291397094727e-01,4.661862850189208984e-01,-2.976303398609161377e-01,1.912394911050796509e-01,-3.414709270000457764e-01,2.588669359683990479e-01,-2.487644180655479431e-02,-4.072606861591339111e-01,3.601446449756622314e-01,-2.747890949249267578e-01,-2.286868393421173096e-01,4.879583418369293213e-01,-3.990102559328079224e-02,-1.605838388204574585e-01,9.597510099411010742e-02,-2.967227995395660400e-01,-1.439157724380493164e-01,1.186533048748970032e-01,7.690764218568801880e-02,-6.718914955854415894e-02,-1.117322519421577454e-01,-4.315801337361335754e-02,3.208144754171371460e-02,-3.156867995858192444e-02,4.125953465700149536e-02,-3.130738064646720886e-02,-1.250092312693595886e-02,1.884085834026336670e-01
-3.226421356201171875e+01,3.500919818878173828e+00,-2.186344563961029053e-01,2.480538785457611084e-01,3.707851171493530273e-01,6.651855111122131348e-01,-9.830525517463684082e-01,-2.953049242496490479e-01,-1.916027665138244629e-01,-8.110707998275756836e-01,3.620190918445587158e-02,-2.548357844352722168e-01,3.298463821411132812e-01,5.704105496406555176e-01,-1.526141464710235596e-01,8.285565376281738281e-01,-5.773729830980300903e-02,1.038860082626342773e-01,-2.095151692628860474e-01,-4.393154382705688477e-01,3.308987617492675781e-01,1.992635428905487061e-01,-8.035521209239959717e-02,6.844566464424133301e-01,1.729630306363105774e-02,-1.921053230762481689e-01,2.328859418630599976e-01,-1.028969362378120422e-01,-2.036806792020797729e-01,2.766980528831481934e-01,2.309482358396053314e-02,1.178679638542234898e-03,1.258939653635025024e-01,5.657795071601867676e-02,-2.912066318094730377e-02,-1.105729788541793823e-01,1.221743449568748474e-01,-1.276293247938156128e-01,-1.095299720764160156e-01,8.564802259206771851e-02
-3.200311660766601562e+01,3.690812587738037109e+00,-3.475303947925567627e-01,-8.555836975574493408e-02,1.199166551232337952e-01,7.139229774475097656e-01,-1.182154893875122070e+00,-4.901044070720672607e-01,1.602480113506317139e-01,-1.614705324172973633e-01,2.432118654251098633e-01,-4.737106263637542725e-01,2.478532046079635620e-01,3.244431912899017334e-01,-5.725901722908020020e-01,2.581157386302947998e-01,8.814422786235809326e-02,3.471402525901794434e-01,-1.117770969867706299e-01,-4.656115770339965820e-01,9.437616169452667236e-02,-7.417763769626617432e-02,-3.932619392871856689e-01,3.319731354713439941e-01,2.752441167831420898e-02,-1.466747075319290161e-01,9.703856706619262695e-02,-2.051767259836196899e-01,-1.899647712707519531e-01,2.096800208091735840e-01,-2.023161202669143677e-02,3.210144117474555969e-02,1.135174483060836792e-01,2.175777703523635864e-01,-2.855546027421951294e-02,-1.965478062629699707e-01,3.985484596341848373e-03,7.709082961082458496e-02,-5.851508677005767822e-02,9.279862046241760254e-02
-3.239075088500976562e+01,3.755935907363891602e+00,-2.770198583602905273e-01,-9.162740409374237061e-02,4.208072423934936523e-01,9.125859141349792480e-01,-9.833216071128845215e-01,-4.310054481029510498e-01,2.494638785719871521e-02,-5.556338429450988770e-01,-1.385324001312255859e-01,-6.374359726905822754e-01,2.116981297731399536e-01,4.130159914493560791e-01,-2.929006814956665039e-01,1.823941618204116821e-01,-1.074177026748657227e-01,2.979463636875152588e-01,-6.214739009737968445e-02,-3.198747038841247559e-01,2.071499079465866089e-01,-3.507249057292938232e-02,-4.722937345504760742e-01,1.467059552669525146e-01,1.586454361677169800e-01,-6.417014449834823608e-02,1.059927269816398621e-01,-2.855029329657554626e-02,-6.371074914932250977e-02,1.019728183746337891e-01,1.202229633927345276e-01,-1.067456230521202087e-01,-1.500754058361053467e-01,5.540021881461143494e-02,-1.306384950876235962e-01,-1.381221264600753784e-01,2.171830087900161743e-01,1.546217650175094604e-01,2.569160237908363342e-02,-6.856694072484970093e-02
-3.335002899169921875e+01,3.367552995681762695e+00,-5.327244400978088379e-01,-2.477606385946273804e-01,2.523160278797149658e-01,8.232283592224121094e-01,-6.418835520744323730e-01,-6.948713064193725586e-01,-1.673742532730102539e-01,-5.433244258165359497e-02,-4.086598753929138184e-01,-5.037316679954528809e-01,2.546628117561340332e-01,2.238592654466629028e-01,-3.682721033692359924e-02,2.763133645057678223e-01,7.907450944185256958e-02,9.018201380968093872e-02,3.538611829280853271e-01,-2.238625437021255493e-01,9.771095961332321167e-02,-1.367564350366592407e-01,-3.329418003559112549e-01,3.272672593593597412e-01,2.480968087911605835e-01,-1.536165736615657806e-02,3.603272438049316406e-01,-1.250414848327636719e-01,-1.697789281606674194e-01,1.231722906231880188e-01,-3.424074500799179077e-03,4.026515781879425049e-02,2.726692259311676025e-01,9.573151916265487671e-02,-1.290452480316162109e-01,-1.180094778537750244e-01,4.793339222669601440e-02,1.029931083321571350e-01,1.413184851408004761e-01,1.441147029399871826e-01
-3.318084335327148438e+01,3.542653799057006836e+00,1.209928542375564575e-01,-7.967785745859146118e-02,2.345102876424789429e-01,6.975290775299072266e-01,-7.301512956619262695e-01,-6.583865880966186523e-01,7.663552463054656982e-02,-2.137345522642135620e-01,-4.693970084190368652e-01,-4.307415187358856201e-01,3.807950019836425781e-01,6.166976690292358398e-02,-1.508159190416336060e-01,3.141957223415374756e-01,3.573687747120857239e-02,-2.080242335796356201e-02,2.690764665603637695e-01,-1.557132303714752197e-01,4.998150169849395752e-01,-6.015902385115623474e-03,-3.400577306747436523e-01,3.188025206327438354e-02,1.930155754089355469e-01,-2.033260613679885864e-01,-5.419463664293289185e-02,-2.016077190637588501e-02,1.359098106622695923e-01,3.712899237871170044e-02,-4.536111652851104736e-02,-1.406306922435760498e-01,1.434102058410644531e-01,-4.597861319780349731e-03,-1.759317703545093536e-02,1.394320428371429443e-01,-6.487701088190078735e-02,1.073960796929895878e-03,-7.342369109392166138e-02,1.755580902099609375e-01
